dataset,refinement,elements,jm_dofs,h1_dofs,basis,smoother,h1,damping,iterations,residual,converged,moment_assembly_s,vertex_assembly_s,basis_map_s,aux_setup_s,smoother_setup_s,solve_median_s,apply_median_s
triangle_random,2,16,168,45,moment,jacobi,unsplit,1,40,9.64436077e-09,1,0.000915511,0.004525244,0.000208232,0.002595568,1.022e-06,0.001074188,2.137e-05
triangle_random,2,16,168,45,moment,macro,unsplit,1,19,7.74497814e-09,1,0.000915511,0.004525244,0.000208232,0.002595568,0.000154761,0.000742396,3.1759e-05
triangle_random,2,16,168,45,moment,split,unsplit,1,24,5.11089301e-09,1,0.000915511,0.004525244,0.000208232,0.002595568,4.4353e-05,0.000789514,2.676e-05
triangle_random,2,16,168,45,vertex,jacobi,unsplit,1,34,4.3157303e-09,1,0.000915511,0.004525244,0.000208232,0.002595568,7.71e-07,0.001003556,2.3173e-05
triangle_random,2,16,168,45,vertex,macro,unsplit,1,19,7.74509403e-09,1,0.000915511,0.004525244,0.000208232,0.002595568,0.000119755,0.000811686,3.4415e-05
triangle_random,2,16,168,45,vertex,split,unsplit,1,24,5.11089301e-09,1,0.000915511,0.004525244,0.000208232,0.002595568,3.5988e-05,0.000802098,2.667e-05
triangle_random,2,16,168,93,moment,jacobi,split,1,38,8.55068149e-09,1,0.000915511,0.004525244,0.000208232,0.002465504,7.41e-07,0.001158237,2.4446e-05
triangle_random,2,16,168,93,moment,macro,split,1,19,5.73165674e-09,1,0.000915511,0.004525244,0.000208232,0.002465504,0.000130004,0.000804282,3.4666e-05
triangle_random,2,16,168,93,moment,split,split,1,23,7.63830598e-09,1,0.000915511,0.004525244,0.000208232,0.002465504,3.1299e-05,0.000838065,2.9686e-05
triangle_random,2,16,168,93,vertex,jacobi,split,1,31,8.62111103e-09,1,0.000915511,0.004525244,0.000208232,0.002465504,6.61e-07,0.001044262,2.667e-05
triangle_random,2,16,168,93,vertex,macro,split,1,19,5.73394622e-09,1,0.000915511,0.004525244,0.000208232,0.002465504,0.000147778,0.000880345,3.693e-05
triangle_random,2,16,168,93,vertex,split,split,1,23,7.63830598e-09,1,0.000915511,0.004525244,0.000208232,0.002465504,3.7711e-05,0.000851941,3.0026e-05
triangle_random,3,64,624,135,moment,jacobi,unsplit,1,66,9.42625814e-09,1,0.003109925,0.018120804,0.000756462,0.008430643,2.195e-06,0.008851335,0.000103645
triangle_random,3,64,624,135,moment,macro,unsplit,1,21,6.1070886e-09,1,0.003109925,0.018120804,0.000756462,0.008430643,0.000912615,0.003621276,0.000135685
triangle_random,3,64,624,135,moment,split,unsplit,1,29,6.48324883e-09,1,0.003109925,0.018120804,0.000756462,0.008430643,0.000199164,0.004705062,0.000115757
triangle_random,3,64,624,135,vertex,jacobi,unsplit,1,42,8.18852583e-09,1,0.003109925,0.018120804,0.000756462,0.008430643,1.493e-06,0.0061458,0.000115227
triangle_random,3,64,624,135,vertex,macro,unsplit,1,21,6.12404626e-09,1,0.003109925,0.018120804,0.000756462,0.008430643,0.000786398,0.00411323,0.000147868
triangle_random,3,64,624,135,vertex,split,unsplit,1,29,6.48324883e-09,1,0.003109925,0.018120804,0.000756462,0.008430643,0.000105588,0.004723186,0.000116489
triangle_random,3,64,624,327,moment,jacobi,split,1,56,8.13196173e-09,1,0.003109925,0.018120804,0.000756462,0.009217703,1.443e-06,0.008327831,0.000118092
triangle_random,3,64,624,327,moment,macro,split,1,21,3.93165676e-09,1,0.003109925,0.018120804,0.000756462,0.009217703,0.000735071,0.004310511,0.000158478
triangle_random,3,64,624,327,moment,split,split,1,28,9.51479595e-09,1,0.003109925,0.018120804,0.000756462,0.009217703,0.000193804,0.004837291,0.00015438
triangle_random,3,64,624,327,vertex,jacobi,split,1,40,8.19334302e-09,1,0.003109925,0.018120804,0.000756462,0.009217703,2.004e-06,0.006442397,0.000128301
triangle_random,3,64,624,327,vertex,macro,split,1,21,3.93547395e-09,1,0.003109925,0.018120804,0.000756462,0.009217703,0.000721436,0.00433147,0.000166903
triangle_random,3,64,624,327,vertex,split,split,1,28,9.51479595e-09,1,0.003109925,0.018120804,0.000756462,0.009217703,0.000205526,0.004800832,0.000140424
triangle_random,4,256,2400,459,moment,jacobi,unsplit,1,93,6.76819502e-09,1,0.013226136,0.073609414,0.003064539,0.034621264,2.204e-06,0.068171314,0.00066556
triangle_random,4,256,2400,459,moment,macro,unsplit,1,24,6.54259132e-09,1,0.013226136,0.073609414,0.003064539,0.034621264,0.00378908,0.023246848,0.000811916
triangle_random,4,256,2400,459,moment,split,unsplit,1,34,6.5711587e-09,1,0.013226136,0.073609414,0.003064539,0.034621264,0.000661583,0.028316656,0.000726766
triangle_random,4,256,2400,459,vertex,jacobi,unsplit,1,49,7.17393531e-09,1,0.013226136,0.073609414,0.003064539,0.034621264,1.723e-06,0.038345913,0.000696308
triangle_random,4,256,2400,459,vertex,macro,unsplit,1,24,6.54266653e-09,1,0.013226136,0.073609414,0.003064539,0.034621264,0.003430837,0.023759822,0.000845809
triangle_random,4,256,2400,459,vertex,split,unsplit,1,34,6.5711587e-09,1,0.013226136,0.073609414,0.003064539,0.034621264,0.000692912,0.029001492,0.000754287
triangle_random,4,256,2400,1227,moment,jacobi,split,1,66,9.11284476e-09,1,0.013226136,0.073609414,0.003064539,0.037069986,3.466e-06,0.055798473,0.000822196
triangle_random,4,256,2400,1227,moment,macro,split,1,23,9.15522403e-09,1,0.013226136,0.073609414,0.003064539,0.037069986,0.003354213,0.023256576,0.00096303
triangle_random,4,256,2400,1227,moment,split,split,1,33,9.57658928e-09,1,0.013226136,0.073609414,0.003064539,0.037069986,0.000568468,0.030237756,0.000831843
triangle_random,4,256,2400,1227,vertex,jacobi,split,1,47,6.09875148e-09,1,0.013226136,0.073609414,0.003064539,0.037069986,2.014e-06,0.040750763,0.00078263
triangle_random,4,256,2400,1227,vertex,macro,split,1,23,9.1311344e-09,1,0.013226136,0.073609414,0.003064539,0.037069986,0.003351879,0.025417057,0.000950987
triangle_random,4,256,2400,1227,vertex,split,split,1,33,9.57658928e-09,1,0.013226136,0.073609414,0.003064539,0.037069986,0.000509978,0.030136395,0.000831312
triangle_random,5,1024,9408,1683,moment,jacobi,unsplit,1,117,8.89534857e-09,1,0.052595353,0.292336259,0.013667134,0.136462755,3.927e-06,0.489292428,0.004571191
triangle_random,5,1024,9408,1683,moment,macro,unsplit,1,28,4.31905526e-09,1,0.052595353,0.292336259,0.013667134,0.136462755,0.01345152,0.150369971,0.005884118
triangle_random,5,1024,9408,1683,moment,split,unsplit,1,36,6.70320964e-09,1,0.052595353,0.292336259,0.013667134,0.136462755,0.001866267,0.16331065,0.00549139
triangle_random,5,1024,9408,1683,vertex,jacobi,unsplit,1,52,7.08869904e-09,1,0.052595353,0.292336259,0.013667134,0.136462755,3.656e-06,0.220636943,0.005064178
triangle_random,5,1024,9408,1683,vertex,macro,unsplit,1,28,4.31478283e-09,1,0.052595353,0.292336259,0.013667134,0.136462755,0.012671233,0.117901372,0.005220521
triangle_random,5,1024,9408,1683,vertex,split,unsplit,1,36,6.70320964e-09,1,0.052595353,0.292336259,0.013667134,0.136462755,0.001381676,0.095403562,0.002764405
triangle_random,5,1024,9408,4755,moment,jacobi,split,1,73,8.81160941e-09,1,0.052595353,0.292336259,0.013667134,0.074010919,3.637e-06,0.159269676,0.00234115
triangle_random,5,1024,9408,4755,moment,macro,split,1,27,5.33233645e-09,1,0.052595353,0.292336259,0.013667134,0.074010919,0.00667268,0.080284599,0.003186228
triangle_random,5,1024,9408,4755,moment,split,split,1,36,5.72585266e-09,1,0.052595353,0.292336259,0.013667134,0.074010919,0.001158968,0.088930087,0.002935787
triangle_random,5,1024,9408,4755,vertex,jacobi,split,1,49,9.23755845e-09,1,0.052595353,0.292336259,0.013667134,0.074010919,1.573e-06,0.122381332,0.00258626
triangle_random,5,1024,9408,4755,vertex,macro,split,1,27,5.38736974e-09,1,0.052595353,0.292336259,0.013667134,0.074010919,0.007500255,0.086291067,0.003095117
triangle_random,5,1024,9408,4755,vertex,split,split,1,36,5.72585266e-09,1,0.052595353,0.292336259,0.013667134,0.074010919,0.001153288,0.088776908,0.002589537
triangle_smooth,2,16,168,45,moment,jacobi,unsplit,1,39,7.19606549e-09,1,0.000436891,0.002146063,0.000100178,0.001255559,1.022e-06,0.000512403,1.0069e-05
triangle_smooth,2,16,168,45,moment,macro,unsplit,1,18,3.64112655e-09,1,0.000436891,0.002146063,0.000100178,0.001255559,8.8557e-05,0.000351341,1.5229e-05
triangle_smooth,2,16,168,45,moment,split,unsplit,1,23,4.84548155e-09,1,0.000436891,0.002146063,0.000100178,0.001255559,2.4887e-05,0.000381968,1.2874e-05
triangle_smooth,2,16,168,45,vertex,jacobi,unsplit,1,31,7.63073341e-09,1,0.000436891,0.002146063,0.000100178,0.001255559,3.6e-07,0.000433835,1.1161e-05
triangle_smooth,2,16,168,45,vertex,macro,unsplit,1,18,3.64107379e-09,1,0.000436891,0.002146063,0.000100178,0.001255559,5.5294e-05,0.000363323,1.6542e-05
triangle_smooth,2,16,168,45,vertex,split,unsplit,1,23,4.84548155e-09,1,0.000436891,0.002146063,0.000100178,0.001255559,1.3576e-05,0.000375897,1.2794e-05
triangle_smooth,2,16,168,93,moment,jacobi,split,1,38,8.25371037e-09,1,0.000436891,0.002146063,0.000100178,0.001176511,2.81e-07,0.000557738,1.1722e-05
triangle_smooth,2,16,168,93,moment,macro,split,1,18,4.15853601e-09,1,0.000436891,0.002146063,0.000100178,0.001176511,6.2838e-05,0.000364515,1.6681e-05
triangle_smooth,2,16,168,93,moment,split,split,1,22,4.68088797e-09,1,0.000436891,0.002146063,0.000100178,0.001176511,1.4417e-05,0.000390344,1.4307e-05
triangle_smooth,2,16,168,93,vertex,jacobi,split,1,30,9.96026214e-09,1,0.000436891,0.002146063,0.000100178,0.001176511,3.2e-07,0.000480162,1.2865e-05
triangle_smooth,2,16,168,93,vertex,macro,split,1,18,4.15840314e-09,1,0.000436891,0.002146063,0.000100178,0.001176511,5.4162e-05,0.000389543,1.7643e-05
triangle_smooth,2,16,168,93,vertex,split,split,1,22,4.68088797e-09,1,0.000436891,0.002146063,0.000100178,0.001176511,1.3345e-05,0.000386336,1.4237e-05
triangle_smooth,3,64,624,135,moment,jacobi,unsplit,1,61,7.95182084e-09,1,0.001461957,0.008791692,0.000359937,0.003981152,1.192e-06,0.003877066,4.1207e-05
triangle_smooth,3,64,624,135,moment,macro,unsplit,1,19,2.92907145e-09,1,0.001461957,0.008791692,0.000359937,0.003981152,0.000396205,0.001620505,6.1015e-05
triangle_smooth,3,64,624,135,moment,split,unsplit,1,27,7.8677703e-09,1,0.001461957,0.008791692,0.000359937,0.003981152,8.6542e-05,0.001981403,5.1347e-05
triangle_smooth,3,64,624,135,vertex,jacobi,unsplit,1,38,7.89261181e-09,1,0.001461957,0.008791692,0.000359937,0.003981152,5.31e-07,0.002576392,4.6047e-05
triangle_smooth,3,64,624,135,vertex,macro,unsplit,1,19,2.92899084e-09,1,0.001461957,0.008791692,0.000359937,0.003981152,0.000356871,0.001708691,6.6235e-05
triangle_smooth,3,64,624,135,vertex,split,unsplit,1,27,7.8677703e-09,1,0.001461957,0.008791692,0.000359937,0.003981152,6.6765e-05,0.002040595,5.1407e-05
triangle_smooth,3,64,624,327,moment,jacobi,split,1,51,6.97835867e-09,1,0.001461957,0.008791692,0.000359937,0.004365124,4.91e-07,0.003553568,4.7529e-05
triangle_smooth,3,64,624,327,moment,macro,split,1,19,7.10680582e-09,1,0.001461957,0.008791692,0.000359937,0.004365124,0.000418225,0.001783782,6.8208e-05
triangle_smooth,3,64,624,327,moment,split,split,1,27,5.10364896e-09,1,0.001461957,0.008791692,0.000359937,0.004365124,7.956e-05,0.002232356,5.863e-05
triangle_smooth,3,64,624,327,vertex,jacobi,split,1,37,5.77665309e-09,1,0.001461957,0.008791692,0.000359937,0.004365124,4.61e-07,0.002851349,5.2198e-05
triangle_smooth,3,64,624,327,vertex,macro,split,1,19,7.10640708e-09,1,0.001461957,0.008791692,0.000359937,0.004365124,0.000342363,0.001847132,7.3288e-05
triangle_smooth,3,64,624,327,vertex,split,split,1,27,5.10364896e-09,1,0.001461957,0.008791692,0.000359937,0.004365124,5.4332e-05,0.002212428,5.853e-05
triangle_smooth,4,256,2400,459,moment,jacobi,unsplit,1,80,9.79690344e-09,1,0.006141331,0.036285221,0.001492826,0.01631433,1.042e-06,0.027792792,0.000308009
triangle_smooth,4,256,2400,459,moment,macro,unsplit,1,22,3.40735729e-09,1,0.006141331,0.036285221,0.001492826,0.01631433,0.001732827,0.009664021,0.000385454
triangle_smooth,4,256,2400,459,moment,split,unsplit,1,30,6.55473181e-09,1,0.006141331,0.036285221,0.001492826,0.01631433,0.000299863,0.011857974,0.000344547
triangle_smooth,4,256,2400,459,vertex,jacobi,unsplit,1,41,7.67686513e-09,1,0.006141331,0.036285221,0.001492826,0.01631433,1.483e-06,0.015225453,0.000326564
triangle_smooth,4,256,2400,459,vertex,macro,unsplit,1,22,3.4087203e-09,1,0.006141331,0.036285221,0.001492826,0.01631433,0.001865215,0.010300067,0.000414379
triangle_smooth,4,256,2400,459,vertex,split,unsplit,1,30,6.55473181e-09,1,0.006141331,0.036285221,0.001492826,0.01631433,0.000483679,0.011995804,0.000348115
triangle_smooth,4,256,2400,1227,moment,jacobi,split,1,58,8.76525796e-09,1,0.006141331,0.036285221,0.001492826,0.017602941,9.32e-07,0.022950721,0.00036161
triangle_smooth,4,256,2400,1227,moment,macro,split,1,22,3.57818577e-09,1,0.006141331,0.036285221,0.001492826,0.017602941,0.001853834,0.011087607,0.000438484
triangle_smooth,4,256,2400,1227,moment,split,split,1,30,5.53708898e-09,1,0.006141331,0.036285221,0.001492826,0.017602941,0.00030898,0.013237747,0.000394882
triangle_smooth,4,256,2400,1227,vertex,jacobi,split,1,39,9.29614652e-09,1,0.006141331,0.036285221,0.001492826,0.017602941,1.192e-06,0.016420519,0.000378621
triangle_smooth,4,256,2400,1227,vertex,macro,split,1,22,3.57785236e-09,1,0.006141331,0.036285221,0.001492826,0.017602941,0.001594767,0.011213654,0.000465294
triangle_smooth,4,256,2400,1227,vertex,split,split,1,30,5.53708898e-09,1,0.006141331,0.036285221,0.001492826,0.017602941,0.000303089,0.013224583,0.00039365
triangle_smooth,5,1024,9408,1683,moment,jacobi,unsplit,1,99,9.30604759e-09,1,0.028350369,0.14353173,0.007403153,0.066894314,1.533e-06,0.199693395,0.002193702
triangle_smooth,5,1024,9408,1683,moment,macro,unsplit,1,23,7.78325863e-09,1,0.028350369,0.14353173,0.007403153,0.066894314,0.006688119,0.067899594,0.003053809
triangle_smooth,5,1024,9408,1683,moment,split,unsplit,1,30,9.09898446e-09,1,0.028350369,0.14353173,0.007403153,0.066894314,0.001222096,0.071429277,0.002509737
triangle_smooth,5,1024,9408,1683,vertex,jacobi,unsplit,1,41,8.08565412e-09,1,0.028350369,0.14353173,0.007403153,0.066894314,1.402e-06,0.092938821,0.002333966
triangle_smooth,5,1024,9408,1683,vertex,macro,unsplit,1,23,7.78250225e-09,1,0.028350369,0.14353173,0.007403153,0.066894314,0.007235117,0.069627992,0.003279514
triangle_smooth,5,1024,9408,1683,vertex,split,unsplit,1,30,9.09898446e-09,1,0.028350369,0.14353173,0.007403153,0.066894314,0.001370896,0.071029766,0.00241571
triangle_smooth,5,1024,9408,4755,moment,jacobi,split,1,62,8.43236406e-09,1,0.028350369,0.14353173,0.007403153,0.072890143,2.726e-06,0.145459893,0.002557155
triangle_smooth,5,1024,9408,4755,moment,macro,split,1,26,2.38666148e-09,1,0.028350369,0.14353173,0.007403153,0.072890143,0.006852098,0.081794477,0.003367729
triangle_smooth,5,1024,9408,4755,moment,split,split,1,30,8.44609296e-09,1,0.028350369,0.14353173,0.007403153,0.072890143,0.001177683,0.077629008,0.002814299
triangle_smooth,5,1024,9408,4755,vertex,jacobi,split,1,40,6.67532353e-09,1,0.028350369,0.14353173,0.007403153,0.072890143,1.392e-06,0.09996762,0.002887617
triangle_smooth,5,1024,9408,4755,vertex,macro,split,1,26,2.38851432e-09,1,0.028350369,0.14353173,0.007403153,0.072890143,0.007283759,0.08466461,0.003299611
triangle_smooth,5,1024,9408,4755,vertex,split,split,1,30,8.44609296e-09,1,0.028350369,0.14353173,0.007403153,0.072890143,0.001178906,0.077737793,0.00285235
square_random,0,32,320,75,moment,jacobi,unsplit,1,53,5.96055602e-09,1,0.000820923,0.004332572,0.000183185,0.002320291,8.72e-07,0.001425859,2.3454e-05
square_random,0,32,320,75,moment,macro,unsplit,1,19,3.60083432e-09,1,0.000820923,0.004332572,0.000183185,0.002320291,0.000216567,0.000766921,3.3252e-05
square_random,0,32,320,75,moment,split,unsplit,1,26,6.78306041e-09,1,0.000820923,0.004332572,0.000183185,0.002320291,3.0818e-05,0.000871088,2.7973e-05
square_random,0,32,320,75,vertex,jacobi,unsplit,1,35,6.1444192e-09,1,0.000820923,0.004332572,0.000183185,0.002320291,3.91e-07,0.000997204,2.4596e-05
square_random,0,32,320,75,vertex,macro,unsplit,1,19,3.60074009e-09,1,0.000820923,0.004332572,0.000183185,0.002320291,0.000168166,0.000799443,3.5256e-05
square_random,0,32,320,75,vertex,split,unsplit,1,26,6.78306041e-09,1,0.000820923,0.004332572,0.000183185,0.002320291,2.6129e-05,0.000864805,2.7933e-05
square_random,0,32,320,171,moment,jacobi,split,1,47,7.36838182e-09,1,0.000820923,0.004332572,0.000183185,0.002255729,7.11e-07,0.001402265,2.3053e-05
square_random,0,32,320,171,moment,macro,split,1,19,5.43968451e-09,1,0.000820923,0.004332572,0.000183185,0.002255729,0.000156764,0.000784754,3.3633e-05
square_random,0,32,320,171,moment,split,split,1,25,7.00019138e-09,1,0.000820923,0.004332572,0.000183185,0.002255729,2.9675e-05,0.000919047,2.9435e-05
square_random,0,32,320,171,vertex,jacobi,split,1,34,6.02283871e-09,1,0.000820923,0.004332572,0.000183185,0.002255729,4.01e-07,0.001078817,2.5558e-05
square_random,0,32,320,171,vertex,macro,split,1,19,5.43921931e-09,1,0.000820923,0.004332572,0.000183185,0.002255729,0.000119334,0.000864775,3.6518e-05
square_random,0,32,320,171,vertex,split,split,1,25,7.00019138e-09,1,0.000820923,0.004332572,0.000183185,0.002255729,3.731e-05,0.000902817,3.2751e-05
square_random,1,128,1216,243,moment,jacobi,unsplit,1,77,8.04910636e-09,1,0.002979871,0.017401182,0.000705215,0.007973695,9.32e-07,0.011621741,0.000141776
square_random,1,128,1216,243,moment,macro,unsplit,1,22,2.90014717e-09,1,0.002979871,0.017401182,0.000705215,0.007973695,0.000794803,0.004450764,0.000182863
square_random,1,128,1216,243,moment,split,unsplit,1,31,5.91606305e-09,1,0.002979871,0.017401182,0.000705215,0.007973695,0.000148389,0.005535603,0.000164619
square_random,1,128,1216,243,vertex,jacobi,unsplit,1,42,9.58372472e-09,1,0.002979871,0.017401182,0.000705215,0.007973695,9.12e-07,0.006927389,0.000148008
square_random,1,128,1216,243,vertex,macro,unsplit,1,22,2.89964763e-09,1,0.002979871,0.017401182,0.000705215,0.007973695,0.000767161,0.004776417,0.000201579
square_random,1,128,1216,243,vertex,split,unsplit,1,31,5.91606305e-09,1,0.002979871,0.017401182,0.000705215,0.007973695,0.000150523,0.005569166,0.000160802
square_random,1,128,1216,627,moment,jacobi,split,1,59,9.67647446e-09,1,0.002979871,0.017401182,0.000705215,0.008558163,5.11e-07,0.010181905,0.000162695
square_random,1,128,1216,627,moment,macro,split,1,21,3.93395168e-09,1,0.002979871,0.017401182,0.000705215,0.008558163,0.000848254,0.004804249,0.000202961
square_random,1,128,1216,627,moment,split,split,1,30,9.67408472e-09,1,0.002979871,0.017401182,0.000705215,0.008558163,0.00014868,0.006023069,0.000189236
square_random,1,128,1216,627,vertex,jacobi,split,1,41,6.52605334e-09,1,0.002979871,0.017401182,0.000705215,0.008558163,1.362e-06,0.007540621,0.000172314
square_random,1,128,1216,627,vertex,macro,split,1,21,3.9327325e-09,1,0.002979871,0.017401182,0.000705215,0.008558163,0.000746523,0.004837501,0.000214133
square_random,1,128,1216,627,vertex,split,split,1,30,9.67408472e-09,1,0.002979871,0.017401182,0.000705215,0.008558163,0.000146255,0.006016868,0.000183124
square_random,2,512,4736,867,moment,jacobi,unsplit,1,103,9.5897909e-09,1,0.01279701,0.071156374,0.00310738,0.031856748,1.543e-06,0.080294057,0.000692742
square_random,2,512,4736,867,moment,macro,unsplit,1,26,3.13947175e-09,1,0.01279701,0.071156374,0.00310738,0.031856748,0.003343684,0.027363324,0.000939265
square_random,2,512,4736,867,moment,split,unsplit,1,34,8.82143592e-09,1,0.01279701,0.071156374,0.00310738,0.031856748,0.000598204,0.030061204,0.000767262
square_random,2,512,4736,867,vertex,jacobi,unsplit,1,47,6.92246373e-09,1,0.01279701,0.071156374,0.00310738,0.031856748,1.273e-06,0.039257887,0.000732376
square_random,2,512,4736,867,vertex,macro,unsplit,1,26,3.16000944e-09,1,0.01279701,0.071156374,0.00310738,0.031856748,0.003295713,0.029325621,0.00090975
square_random,2,512,4736,867,vertex,split,unsplit,1,34,8.82143592e-09,1,0.01279701,0.071156374,0.00310738,0.031856748,0.000567085,0.030148689,0.000781318
square_random,2,512,4736,2403,moment,jacobi,split,1,68,7.65975106e-09,1,0.01279701,0.071156374,0.00310738,0.035087059,2.134e-06,0.061812605,0.000801737
square_random,2,512,4736,2403,moment,macro,split,1,25,4.16838421e-09,1,0.01279701,0.071156374,0.00310738,0.035087059,0.003261159,0.030039082,0.001006261
square_random,2,512,4736,2403,moment,split,split,1,34,7.12321099e-09,1,0.01279701,0.071156374,0.00310738,0.035087059,0.000595409,0.035217634,0.000866458
square_random,2,512,4736,2403,vertex,jacobi,split,1,45,6.55638922e-09,1,0.01279701,0.071156374,0.00310738,0.035087059,1.052e-06,0.043239921,0.000831092
square_random,2,512,4736,2403,vertex,macro,split,1,25,4.16166226e-09,1,0.01279701,0.071156374,0.00310738,0.035087059,0.003276397,0.031081502,0.001047488
square_random,2,512,4736,2403,vertex,split,split,1,34,7.12321099e-09,1,0.01279701,0.071156374,0.00310738,0.035087059,0.000608343,0.035281655,0.000927042
triangle_damped,5,1024,9408,1683,moment,jacobi,unsplit,0.33,112,9.77120576e-09,1,0.030193243,0.142800445,0.006900879,0.066283988,1.323e-06,0.223958306,0.002169638
triangle_damped,5,1024,9408,1683,moment,macro,unsplit,0.33,24,7.18919461e-09,1,0.030193243,0.142800445,0.006900879,0.066283988,0.006770524,0.067773207,0.003137657
triangle_damped,5,1024,9408,1683,moment,split,unsplit,0.33,44,8.08390509e-09,1,0.030193243,0.142800445,0.006900879,0.066283988,0.001143158,0.100090331,0.002372258
triangle_damped,5,1024,9408,1683,vertex,jacobi,unsplit,0.33,52,7.44493665e-09,1,0.030193243,0.142800445,0.006900879,0.066283988,1.543e-06,0.1148295,0.002392165
triangle_damped,5,1024,9408,1683,vertex,macro,unsplit,0.33,24,7.0603068e-09,1,0.030193243,0.142800445,0.006900879,0.066283988,0.007346928,0.069623264,0.003060251
triangle_damped,5,1024,9408,1683,vertex,split,unsplit,0.33,44,8.08390509e-09,1,0.030193243,0.142800445,0.006900879,0.066283988,0.001130435,0.101138711,0.002669156
triangle_damped,5,1024,9408,4755,moment,jacobi,split,0.33,64,8.51343055e-09,1,0.030193243,0.142800445,0.006900879,0.074502673,1.993e-06,0.15257793,0.002502372
triangle_damped,5,1024,9408,4755,moment,macro,split,0.33,23,7.78415084e-09,1,0.030193243,0.142800445,0.006900879,0.074502673,0.006823143,0.070543032,0.003199483
triangle_damped,5,1024,9408,4755,moment,split,split,0.33,38,7.71477994e-09,1,0.030193243,0.142800445,0.006900879,0.074502673,0.001142958,0.099977037,0.002732896
triangle_damped,5,1024,9408,4755,vertex,jacobi,split,0.33,46,6.72390887e-09,1,0.030193243,0.142800445,0.006900879,0.074502673,1.744e-06,0.121419664,0.002820781
triangle_damped,5,1024,9408,4755,vertex,macro,split,0.33,23,7.86776703e-09,1,0.030193243,0.142800445,0.006900879,0.074502673,0.008091987,0.077392233,0.003637386
triangle_damped,5,1024,9408,4755,vertex,split,split,0.33,38,7.71477994e-09,1,0.030193243,0.142800445,0.006900879,0.074502673,0.001385153,0.102087042,0.002856869
