study,source_run,refinement,elements,dofs,h1_dofs,patch,h1,config,composition,wS,wH,wC,seed,method,ncv,tolerance,steps,lambda_min,lambda_max,kappa,res_min,res_max,converged,seconds,max_method,dense_min,dense_max,dense_imag
chosen,spectrum_chosen,3,2048,18688,9411,large,split,chosen_add,add,0.75,2,1,17,restarted,80,1e-07,310,0.95013817462,4.79619452994,5.04789162046,2.6965886849e-08,1.34917553076e-12,1,6.002912207,lanczos,0,0,0
chosen,spectrum_chosen,3,2048,18688,9411,large,split,chosen_mult,SHCHS,0.4,1,1,17,restarted,80,1e-07,121,0.691471221516,1,1.44619178483,2.92712011831e-11,0,1,3.530954876,projector_identity,0,0,0
chosen,spectrum_chosen,3,2048,18688,3267,large,unsplit,chosen_add,add,0.75,2,1,17,restarted,80,1e-07,310,0.950138168573,4.7961945297,5.04789165233,2.94113806234e-08,2.29716606669e-12,1,5.885945159,lanczos,0,0,0
chosen,spectrum_chosen,3,2048,18688,3267,large,unsplit,chosen_mult,SHCHS,0.4,1,1,17,restarted,80,1e-07,121,0.691471219645,1,1.44619178874,3.31213993349e-11,0,1,3.249537417,projector_identity,0,0,0
chosen,spectrum_chosen,3,2048,18688,9411,small,split,chosen_add,add,0.75,1,1,17,restarted,80,1e-07,313,0.286148731336,2.81527150863,9.83849026863,6.58242978526e-09,5.33912904742e-12,1,5.026323398,lanczos,0,0,0
chosen,spectrum_chosen,3,2048,18688,9411,small,split,chosen_mult,SHCHS,0.6,1,1,17,restarted,80,1e-07,161,0.388541721972,1,2.57372617521,4.01116033226e-08,0,1,3.931041389,projector_identity,0,0,0
chosen,spectrum_chosen,3,2048,18688,3267,small,unsplit,chosen_add,add,1,1,1,17,restarted,80,1e-07,313,0.297458964998,3.12103264396,10.4923132641,1.5562229408e-08,2.94752388975e-13,1,4.80573312,lanczos,0,0,0
chosen,spectrum_chosen,3,2048,18688,3267,small,unsplit,chosen_mult,SHCHS,0.6,1,1,17,restarted,80,1e-07,121,0.348947877821,1,2.86575750581,2.19043483772e-09,0,1,2.701378495,projector_identity,0,0,0
chosen,spectrum_chosen_done,4,8192,74240,37251,large,split,chosen_add,add,0.75,2,1,17,restarted,80,1e-07,690,0.945779889966,4.79656195037,5.07154148788,1.9485377559e-08,5.50571068356e-12,1,89.022647046,lanczos,0,0,0
chosen,spectrum_chosen_done,4,8192,74240,37251,large,split,chosen_mult,SHCHS,0.4,1,1,17,restarted,80,1e-07,121,0.689159629666,1,1.45104262779,1.35033366477e-08,0,1,24.090917742,projector_identity,0,0,0
chosen,spectrum_chosen,4,8192,74240,12675,large,unsplit,chosen_add,add,0.75,2,1,17,restarted,80,1e-07,690,0.945779889607,4.79656195035,5.07154148979,2.09435028566e-08,9.51553663247e-12,1,72.000612442,lanczos,0,0,0
chosen,spectrum_chosen,4,8192,74240,12675,large,unsplit,chosen_mult,SHCHS,0.4,1,1,17,restarted,80,1e-07,121,0.689159629552,1,1.45104262803,1.35098795098e-08,0,1,17.817601837,projector_identity,0,0,0
chosen,spectrum_chosen_done,4,8192,74240,37251,small,split,chosen_add,add,0.75,1,1,17,restarted,80,1e-07,539,0.284792408151,2.81536071007,9.88565927143,9.89103776954e-08,3.43467316103e-12,1,68.790414804,lanczos,0,0,0
chosen,spectrum_chosen_done,4,8192,74240,37251,small,split,chosen_mult,SHCHS,0.6,1,1,17,restarted,80,1e-07,201,0.386849541569,1,2.58498432219,5.66786432461e-10,0,1,34.444440514,projector_identity,0,0,0
chosen,spectrum_chosen,4,8192,74240,12675,small,unsplit,chosen_add,add,1,1,1,17,restarted,80,1e-07,541,0.296039307817,3.12119816547,10.5431882965,4.62113403277e-08,6.98641416501e-12,1,46.053317064,lanczos,0,0,0
chosen,spectrum_chosen,4,8192,74240,12675,small,unsplit,chosen_mult,SHCHS,0.6,1,1,17,restarted,80,1e-07,201,0.347397535948,1,2.87854661165,9.02431531403e-09,0,1,25.376432638,projector_identity,0,0,0
chosen,spectrum_best_mult,5,32768,295936,148227,large,split,chosen_mult,SHCHS,0.4,1,1,17,restarted,80,1e-07,241,0.688607371412,1,1.45220635374,1.51192072294e-08,0,1,104.766207907,projector_identity,0,0,0
chosen,spectrum_chosen_done,5,32768,295936,49923,large,unsplit,chosen_add,add,0.75,2,1,17,restarted,80,1e-07,918,0.944739768363,4.79665404436,5.07722253787,3.7555848829e-08,6.61734795118e-11,1,367.483610147,lanczos,0,0,0
chosen,spectrum_best_mult,5,32768,295936,49923,large,unsplit,chosen_mult,SHCHS,0.4,1,1,17,restarted,80,1e-07,241,0.688607371406,1,1.45220635376,1.46931246171e-08,0,1,110.343106882,projector_identity,0,0,0
chosen,spectrum_best_mult,5,32768,295936,148227,small,split,chosen_mult,SHCHS,0.6,1,1,17,restarted,80,1e-07,321,0.386428927787,1,2.58779798326,4.79386279306e-08,0,1,126.956724855,projector_identity,0,0,0
chosen,spectrum_best_mult,5,32768,295936,49923,small,unsplit,chosen_mult,SHCHS,0.6,1,1,17,restarted,80,1e-07,401,0.347011901477,1,2.8817455417,1.38002563062e-08,0,1,150.691209125,projector_identity,0,0,0
extra,spectrum_fine7,4,8192,74240,12675,large,unsplit,s3,add,3,1,1,17,restarted,80,1e-07,388,0.535123458793,10.2268237178,19.1111481842,2.20805365177e-09,1.23832213912e-11,1,35.009112,lanczos,0,0,0
fine,spectrum_fine_done,4,8192,74240,37251,large,split,base,add,1,1,1,17,restarted,80,1e-07,387,0.513276685911,4.24444241761,8.26930685558,3.7187361725e-09,8.8442237381e-12,1,43.356142421,lanczos,0,0,0
fine,spectrum_fine_done,4,8192,74240,37251,large,split,mult_SHCHS,SHCHS,0.33,1,1,17,restarted,80,1e-07,121,0.664035009775,1,1.5059446946,6.80782055626e-08,0,1,16.632412511,projector_identity,0,0,0
fine,spectrum_fine_done,4,8192,74240,37251,large,split,s033,add,0.33,1,1,17,restarted,80,1e-07,387,0.437736411698,2.26820375571,5.18166571274,4.30246223583e-08,3.48198242467e-11,1,36.653538985,lanczos,0,0,0
fine,spectrum_fine_final,4,8192,74240,12675,large,unsplit,base,add,1,1,1,17,restarted,80,1e-07,387,0.513276671814,4.2444424176,8.26930708267,6.27804332307e-09,1.06993445809e-11,1,41.59160426,lanczos,0,0,0
fine,spectrum_fine_done,4,8192,74240,12675,large,unsplit,mult_SHCHS,SHCHS,0.33,1,1,17,restarted,80,1e-07,121,0.664035009741,1,1.50594469468,6.79843847756e-08,0,1,22.745205384,projector_identity,0,0,0
fine,spectrum_fine_done,4,8192,74240,12675,large,unsplit,s033,add,0.33,1,1,17,restarted,80,1e-07,387,0.437736411647,2.26820375567,5.18166571325,4.33709515137e-08,1.22586743627e-11,1,45.144506581,lanczos,0,0,0
fine,spectrum_fine_done,4,8192,74240,37251,small,split,base,add,1,1,1,17,restarted,80,1e-07,540,0.340064717815,3.47923220952,10.2310884583,3.86634169075e-08,4.98815416422e-12,1,46.568657074,lanczos,0,0,0
fine,spectrum_fine_done,4,8192,74240,37251,small,split,mult_SHCHS,SHCHS,0.5,1,1,17,restarted,80,1e-07,201,0.374706953989,1,2.66875217915,3.0003144634e-09,0,1,18.234856324,projector_identity,0,0,0
fine,spectrum_fine_done,4,8192,74240,37251,small,split,s033,add,0.33,1,1,17,restarted,80,1e-07,610,0.161006050026,2.00002816055,12.4220683647,5.96494941457e-08,2.07851958482e-10,1,49.749241309,lanczos,0,0,0
fine,spectrum_fine_done,4,8192,74240,12675,small,unsplit,base,add,1,1,1,17,restarted,80,1e-07,541,0.296039307817,3.12119816547,10.5431882965,4.62113403277e-08,6.98641416501e-12,1,63.770077996,lanczos,0,0,0
fine,spectrum_fine_done,4,8192,74240,12675,small,unsplit,mult_SHCHS,SHCHS,0.5,1,1,17,restarted,80,1e-07,241,0.307138416444,1,3.25586102701,1.36734752507e-08,0,1,39.167755303,projector_identity,0,0,0
fine,spectrum_fine_done,4,8192,74240,12675,small,unsplit,s033,add,0.33,1,1,17,restarted,80,1e-07,986,0.113738348333,2.00002748607,17.5844604339,3.31208657992e-08,1.25042932962e-09,1,114.975705992,lanczos,0,0,0
fine_full,spectrum_r5full,5,32768,295936,49923,large,unsplit,base,add,1,1,1,17,full,80,1e-06,300,0.505512347886,4.24452402614,8.39647942112,0.000382711991526,5.7167922895e-11,0,282.171402774,lanczos,0,0,0
limit,spectrum_r5split_done,5,32768,295936,148227,large,split,mult_SHCHS,SHCHS,0.33,1,1,17,restarted,80,1e-07,241,0.663539434553,1,1.5070694339,8.74384280568e-08,0,1,228.822195875,projector_identity,0,0,0
limit,spectrum_r5mult,5,32768,295936,49923,large,unsplit,mult_SHCHS,SHCHS,0.33,1,1,17,restarted,80,1e-07,241,0.663539434551,1,1.5070694339,8.7512506516e-08,0,1,154.837115405,projector_identity,0,0,0
limit,spectrum_r5split_done,5,32768,295936,148227,small,split,mult_SHCHS,SHCHS,0.5,1,1,17,restarted,80,1e-07,361,0.374314455873,1,2.67155057549,6.47196202899e-08,0,1,230.089559667,projector_identity,0,0,0
limit,spectrum_r5mult,5,32768,295936,49923,small,unsplit,mult_SHCHS,SHCHS,0.5,1,1,17,restarted,80,1e-07,401,0.306792064963,1,3.25953671625,2.72321503887e-08,0,1,234.475162532,projector_identity,0,0,0
screen,spectrum_main,0,32,320,171,large,split,balanced,add,0.33,1,1,17,restarted,80,1e-09,81,0.627438281318,2.27490740104,3.62570705163,2.1749915097e-13,5.84873663924e-14,1,0.005927457,lanczos,0.627438281318,2.27490740104,0
screen,spectrum_main,0,32,320,171,large,split,base,add,1,1,1,17,restarted,80,1e-09,158,1.11509968961,4.22438862546,3.7883506424,9.78206232914e-13,5.74260297073e-14,1,0.011129912,lanczos,1.11509968961,4.22438862546,0
screen,spectrum_main,0,32,320,171,large,split,c033,add,1,1,0.33,17,restarted,80,1e-09,158,0.447158970605,4.22070602725,9.43893850892,3.93364614033e-11,4.36300325627e-14,1,0.011578384,lanczos,0.447158970605,4.22070602725,0
screen,spectrum_main,0,32,320,171,large,split,c3,add,1,1,3,17,restarted,80,1e-09,158,1.38884138771,5.86879650786,4.22567800744,2.38880630331e-13,1.0221865524e-12,1,0.011507141,lanczos,1.38884138771,5.86879650786,0
screen,spectrum_main,0,32,320,171,large,split,h033,add,1,0.33,1,17,restarted,80,1e-09,158,0.830557818286,3.86876551617,4.65803274738,2.50878879129e-13,8.38387701483e-14,1,0.012068805,lanczos,0.830557818286,3.86876551617,0
screen,spectrum_main,0,32,320,171,large,split,h3,add,1,3,1,17,restarted,80,1e-09,158,1.15806531049,6.83833805597,5.90496752992,5.43020130625e-10,3.25650709124e-14,1,0.01131994,lanczos,1.15806531049,6.83833805597,0
screen,spectrum_main,0,32,320,171,large,split,mult_HSCSH,HSCSH,0.33,1,1,17,restarted,80,1e-09,81,0.824220969888,1,1.21326687446,1.06548245278e-13,0,1,0.009387952,projector_identity,0.824220969888,1,2.41562819629e-14
screen,spectrum_main,0,32,320,171,large,split,mult_SCHCS,SCHCS,0.33,1,1,17,restarted,80,1e-09,81,0.799704504107,1.15565427488,1.4451016206,8.99670977454e-14,9.7053726031e-14,1,0.009755363,lanczos,0.799704504107,1.15565427488,3.93677006684e-14
screen,spectrum_main,0,32,320,171,large,split,mult_SHCHS,SHCHS,0.33,1,1,17,restarted,80,1e-09,81,0.825535058247,1,1.21133559382,1.52618562205e-13,0,1,0.009368446,projector_identity,0.825535058247,1,2.10195303276e-14
screen,spectrum_main,0,32,320,171,large,split,mult_raw,SHCHS,1,1,1,17,restarted,80,1e-09,547,-2.98587987346,1,,2.43012545064e-14,0,1,0.061697657,projector_identity,-2.98587987346,1,5.41305688505e-13
screen,spectrum_main,0,32,320,171,large,split,s01,add,0.1,1,1,17,restarted,80,1e-09,81,0.206300940116,2.02923267833,9.83627450846,7.62586143418e-13,1.82320989189e-13,1,0.005813623,lanczos,0.206300940116,2.02923267833,0
screen,spectrum_main,0,32,320,171,large,split,s033,add,0.33,1,1,17,restarted,80,1e-09,81,0.627438281318,2.27490740104,3.62570705163,2.1749915097e-13,5.84873663924e-14,1,0.006183057,lanczos,0.627438281318,2.27490740104,0
screen,spectrum_main,0,32,320,171,large,split,s10,add,10,1,1,17,restarted,80,1e-09,236,1.70608721741,31.027650047,18.1864383781,1.76589869642e-12,2.06968805958e-12,1,0.019061682,lanczos,1.70608721741,31.027650047,0
screen,spectrum_main,0,32,320,171,large,split,s3,add,3,1,1,17,restarted,80,1e-09,159,1.2499726688,10.1634284791,8.13092056553,8.3045721657e-13,6.934014664e-14,1,0.011782799,lanczos,1.2499726688,10.1634284791,0
screen,spectrum_main,0,32,320,75,large,unsplit,balanced,add,0.33,1,1,17,restarted,80,1e-09,81,0.627432349392,2.27490297701,3.62573427911,3.48639946417e-13,1.15411493544e-13,1,0.005251267,lanczos,0.627432349392,2.27490297701,0
screen,spectrum_main,0,32,320,75,large,unsplit,base,add,1,1,1,17,restarted,80,1e-09,158,1.11497148631,4.22438735751,3.78878510292,6.64489697997e-13,6.65627440298e-14,1,0.010641987,lanczos,1.11497148631,4.22438735751,0
screen,spectrum_main,0,32,320,75,large,unsplit,c033,add,1,1,0.33,17,restarted,80,1e-09,158,0.447143347654,4.22070583654,9.4392678739,3.17278468831e-11,3.90246292997e-14,1,0.009842666,lanczos,0.447143347654,4.22070583654,0
screen,spectrum_main,0,32,320,75,large,unsplit,c3,add,1,1,3,17,restarted,80,1e-09,158,1.38879799366,5.86876435749,4.22578689218,2.90667687751e-13,1.22887743088e-12,1,0.009822258,lanczos,1.38879799366,5.86876435749,0
screen,spectrum_main,0,32,320,75,large,unsplit,h033,add,1,0.33,1,17,restarted,80,1e-09,158,0.830541278966,3.86875247227,4.6581098017,2.54533634118e-13,7.70648050228e-14,1,0.010141738,lanczos,0.830541278966,3.86875247227,0
screen,spectrum_main,0,32,320,75,large,unsplit,h3,add,1,3,1,17,restarted,80,1e-09,308,1.15787559278,6.8383365136,5.90593372572,5.039088385e-13,5.05899069706e-14,1,0.018715362,lanczos,1.15787559278,6.8383365136,0
screen,spectrum_main,0,32,320,75,large,unsplit,mult_HSCSH,HSCSH,0.33,1,1,17,restarted,80,1e-09,81,0.824209621152,1,1.21328358022,8.68182441586e-14,0,1,0.007920979,projector_identity,0.824209621152,1,5.60297014012e-14
screen,spectrum_main,0,32,320,75,large,unsplit,mult_SCHCS,SCHCS,0.33,1,1,17,restarted,80,1e-09,81,0.79970157378,1.15561910566,1.44506293791,1.21406613318e-13,1.00738179138e-13,1,0.009264712,lanczos,0.79970157378,1.15561910566,3.77778161438e-14
screen,spectrum_main,0,32,320,75,large,unsplit,mult_SHCHS,SHCHS,0.33,1,1,17,restarted,80,1e-09,81,0.825523848445,1,1.21135204257,1.3981038831e-13,0,1,0.007884351,projector_identity,0.825523848445,1,3.16636501963e-14
screen,spectrum_main,0,32,320,75,large,unsplit,mult_raw,SHCHS,1,1,1,17,restarted,80,1e-09,12413,-2.99999718082,1,,3.66369129263e-13,0,1,1.196199488,projector_identity,-2.99999718082,1,9.56808911204e-13
screen,spectrum_main,0,32,320,75,large,unsplit,s01,add,0.1,1,1,17,restarted,80,1e-09,81,0.206299290536,2.0292128626,9.83625710649,8.69769734235e-13,1.58637185703e-13,1,0.00507699,lanczos,0.206299290536,2.0292128626,0
screen,spectrum_main,0,32,320,75,large,unsplit,s033,add,0.33,1,1,17,restarted,80,1e-09,81,0.627432349392,2.27490297701,3.62573427911,3.48639946417e-13,1.15411493544e-13,1,0.004983244,lanczos,0.627432349392,2.27490297701,0
screen,spectrum_main,0,32,320,75,large,unsplit,s10,add,10,1,1,17,restarted,80,1e-09,236,1.70608170857,31.0276482337,18.1864960382,1.64436489212e-12,1.1913258931e-11,1,0.014736303,lanczos,1.70608170857,31.0276482337,0
screen,spectrum_main,0,32,320,75,large,unsplit,s3,add,3,1,1,17,restarted,80,1e-09,158,1.24995484903,10.1634271304,8.13103540367,7.16915495226e-13,6.43761758843e-14,1,0.010012295,lanczos,1.24995484903,10.1634271304,0
screen,spectrum_main,0,32,320,171,small,split,balanced,add,0.5,1,1,17,restarted,80,1e-09,81,0.297255192359,2.22854224824,7.49706752153,4.45925479041e-13,2.09539395137e-14,1,0.005329274,lanczos,0.297255192359,2.22854224824,0
screen,spectrum_main,0,32,320,171,small,split,base,add,1,1,1,17,restarted,80,1e-09,158,0.498443011651,3.47249837335,6.96669085971,1.08755664479e-13,2.75482580183e-14,1,0.010181061,lanczos,0.498443011651,3.47249837335,0
screen,spectrum_main,0,32,320,171,small,split,c033,add,1,1,0.33,17,restarted,80,1e-09,1682,0.332361220807,3.47184991909,10.44601386,4.02737041557e-10,1.40999946031e-14,1,0.106107603,lanczos,0.332361220807,3.47184991909,0
screen,spectrum_main,0,32,320,171,small,split,c3,add,1,1,3,17,restarted,80,1e-09,81,0.499078586304,4.02590955808,8.06668462355,6.14106709916e-13,1.09897189324e-13,1,0.005413612,lanczos,0.499078586304,4.02590955808,0
screen,spectrum_main,0,32,320,171,small,split,h033,add,1,0.33,1,17,restarted,80,1e-09,158,0.342020927734,3.06041393848,8.94803121772,1.33157088102e-13,1.42554224567e-14,1,0.010494931,lanczos,0.342020927734,3.06041393848,0
screen,spectrum_main,0,32,320,171,small,split,h3,add,1,3,1,17,restarted,80,1e-09,81,0.648416228454,5.70670885885,8.80099634839,6.3943689376e-12,1.63915130871e-14,1,0.005607206,lanczos,0.648416228454,5.70670885885,0
screen,spectrum_main,0,32,320,171,small,split,mult_HSCSH,HSCSH,0.5,1,1,17,restarted,80,1e-09,81,0.489598394294,1,2.04249035874,1.06610167408e-13,0,1,0.007908866,projector_identity,0.489598394294,1.00000000001,1.10619114509e-13
screen,spectrum_main,0,32,320,171,small,split,mult_SCHCS,SCHCS,0.5,1,1,17,restarted,80,1e-09,81,0.449794047946,1.29049824044,2.86908696621,1.25354841959e-13,1.13713173298e-13,1,0.008649397,lanczos,0.449794047946,1.29049824044,6.60128625641e-13
screen,spectrum_main,0,32,320,171,small,split,mult_SHCHS,SHCHS,0.5,1,1,17,restarted,80,1e-09,81,0.489510728669,1,2.04285614479,6.87527594658e-14,0,1,0.007859023,projector_identity,0.489510728669,1,2.24265040669e-13
screen,spectrum_main,0,32,320,171,small,split,mult_raw,SHCHS,1,1,1,17,restarted,80,1e-09,81,-1.13969684899,1,,6.04803534026e-14,0,1,0.007884781,projector_identity,-1.13969684899,1,5.27067857395e-13
screen,spectrum_main,0,32,320,171,small,split,s01,add,0.1,1,1,17,restarted,80,1e-09,308,0.0789938846635,2.00197386986,25.3434032063,8.20519439995e-13,1.18556270695e-13,1,0.019466692,lanczos,0.0789938846635,2.00197386986,0
screen,spectrum_main,0,32,320,171,small,split,s033,add,0.33,1,1,17,restarted,80,1e-09,81,0.214798708451,2.007313215,9.3450897795,1.30410010877e-12,8.50745879459e-14,1,0.005342038,lanczos,0.214798708451,2.007313215,0
screen,spectrum_main,0,32,320,171,small,split,s10,add,10,1,1,17,restarted,80,1e-09,1299,1.02342336857,29.8952871162,29.2110655613,3.58008869572e-10,5.35451167447e-15,1,0.086122497,lanczos,1.02342336857,29.8952871162,0
screen,spectrum_main,0,32,320,171,small,split,s3,add,3,1,1,17,restarted,80,1e-09,313,0.977828448337,9.17920143791,9.3873331805,3.43146922505e-11,1.24118319082e-14,1,0.01979081,lanczos,0.977828448337,9.17920143791,0
screen,spectrum_main,0,32,320,75,small,unsplit,balanced,add,0.5,1,1,17,restarted,80,1e-09,81,0.230188038477,2.14747984558,9.32924169209,9.63103985365e-13,2.29978793015e-14,1,0.004758302,lanczos,0.230188038477,2.14747984558,0
screen,spectrum_main,0,32,320,75,small,unsplit,base,add,1,1,1,17,restarted,80,1e-09,81,0.426633078671,3.13704967674,7.35303902482,1.04983074839e-13,1.27836123966e-14,1,0.00478905,lanczos,0.426633078671,3.13704967674,0
screen,spectrum_main,0,32,320,75,small,unsplit,c033,add,1,1,0.33,17,restarted,80,1e-09,919,0.331758682831,3.13571066465,9.4517817526,3.91811549877e-10,9.00762986885e-15,1,0.050003616,lanczos,0.331758682831,3.13571066465,0
screen,spectrum_main,0,32,320,75,small,unsplit,c3,add,1,1,3,17,restarted,80,1e-09,81,0.427105255897,4.02475908477,9.42334244122,6.04633270548e-13,1.0940046352e-13,1,0.004599174,lanczos,0.427105255897,4.02475908477,0
screen,spectrum_main,0,32,320,75,small,unsplit,h033,add,1,0.33,1,17,restarted,80,1e-09,81,0.323627995814,2.96789960316,9.17071341647,3.59860605288e-13,1.19710128755e-11,1,0.004562054,lanczos,0.323627995814,2.96789960316,0
screen,spectrum_main,0,32,320,75,small,unsplit,h3,add,1,3,1,17,restarted,80,1e-09,81,0.471886917147,5.60575364971,11.8794428199,4.60269712546e-11,7.15849157546e-15,1,0.004593173,lanczos,0.471886917147,5.60575364971,0
screen,spectrum_main,0,32,320,75,small,unsplit,mult_HSCSH,HSCSH,0.5,1,1,17,restarted,80,1e-09,81,0.409393525178,1,2.44263755653,6.54704332943e-14,0,1,0.006912937,projector_identity,0.409393525178,1.00000000001,1.55322304127e-13
screen,spectrum_main,0,32,320,75,small,unsplit,mult_SCHCS,SCHCS,0.5,1,1,17,restarted,80,1e-09,81,0.394801592379,1.27289187318,3.22413054495,1.30350274047e-13,8.67936682133e-14,1,0.00823606,lanczos,0.394801592379,1.27289187318,4.34995794577e-13
screen,spectrum_main,0,32,320,75,small,unsplit,mult_SHCHS,SHCHS,0.5,1,1,17,restarted,80,1e-09,81,0.409341320939,1,2.44294907171,1.22249453078e-13,0,1,0.006909571,projector_identity,0.409341320939,1,3.88458868569e-13
screen,spectrum_main,0,32,320,75,small,unsplit,mult_raw,SHCHS,1,1,1,17,restarted,80,1e-09,81,-2.82642823794,1,,3.12375257106e-14,0,1,0.00714937,projector_identity,-2.82642823794,1,8.9687166258e-13
screen,spectrum_main,0,32,320,75,small,unsplit,s01,add,0.1,1,1,17,restarted,80,1e-09,307,0.049227466523,2.00196695777,40.667682072,6.78586999343e-12,1.13347078481e-13,1,0.016973523,lanczos,0.049227466523,2.00196695777,0
screen,spectrum_main,0,32,320,75,small,unsplit,s033,add,0.33,1,1,17,restarted,80,1e-09,81,0.155989149804,2.0071207837,12.8670538062,1.16297074832e-10,1.39977520769e-13,1,0.004725761,lanczos,0.155989149804,2.0071207837,0
screen,spectrum_main,0,32,320,75,small,unsplit,s10,add,10,1,1,17,restarted,80,1e-09,1223,1.02301572748,29.6309735109,28.9643381964,8.83982882373e-10,6.5810850555e-15,1,0.065811529,lanczos,1.02301572748,29.6309735109,0
screen,spectrum_main,0,32,320,75,small,unsplit,s3,add,3,1,1,17,restarted,80,1e-09,158,0.944967334312,8.89659827939,9.41471515084,1.34419591865e-10,9.04813205245e-15,1,0.008840725,lanczos,0.944967334312,8.89659827939,0
screen,spectrum_refinement,1,128,1216,627,large,split,balanced,add,0.33,1,1,17,restarted,80,1e-09,81,0.480988069531,2.26607278484,4.71128688712,1.78281126463e-12,2.41761247956e-13,1,0.029237414,lanczos,0,0,0
screen,spectrum_refinement,1,128,1216,627,large,split,base,add,1,1,1,17,restarted,80,1e-09,81,0.861935790866,4.23772593191,4.91652159804,2.69418730934e-12,1.55556325329e-13,1,0.028991973,lanczos,0,0,0
screen,spectrum_refinement,1,128,1216,627,large,split,c033,add,1,1,0.33,17,restarted,80,1e-09,462,0.364991670576,4.2368009932,11.6079388511,8.49747031998e-12,1.13143461059e-13,1,0.159793872,lanczos,0,0,0
screen,spectrum_refinement,1,128,1216,627,large,split,c3,add,1,1,3,17,restarted,80,1e-09,312,0.864566940997,5.86117848312,6.7793229248,2.46300327912e-12,2.65263248949e-12,1,0.110078566,lanczos,0,0,0
screen,spectrum_refinement,1,128,1216,627,large,split,h033,add,1,0.33,1,17,restarted,80,1e-09,235,0.456749849828,3.86107098368,8.45336016014,1.81318432508e-12,2.91386322923e-11,1,0.081176372,lanczos,0,0,0
screen,spectrum_refinement,1,128,1216,627,large,split,h3,add,1,3,1,17,restarted,80,1e-09,386,1.05184216366,6.82353886586,6.48722698289,5.74477966489e-12,1.0462855308e-13,1,0.132490608,lanczos,0,0,0
screen,spectrum_refinement,1,128,1216,627,large,split,mult_HSCSH,HSCSH,0.33,1,1,17,restarted,80,1e-09,81,0.71171761254,1,1.4050516418,2.33907590764e-13,0,1,0.043654176,projector_identity,0,0,0
screen,spectrum_refinement,1,128,1216,627,large,split,mult_SCHCS,SCHCS,0.33,1,1,17,restarted,80,1e-09,81,0.620337312977,1.27410634106,2.05389280059,3.14465844335e-13,3.24120873408e-13,1,0.051403573,lanczos,0,0,0
screen,spectrum_refinement,1,128,1216,627,large,split,mult_SHCHS,SHCHS,0.33,1,1,17,restarted,80,1e-09,81,0.711741079398,1,1.40500531576,3.06337888025e-13,0,1,0.042942941,projector_identity,0,0,0
screen,spectrum_refinement,1,128,1216,627,large,split,s01,add,0.1,1,1,17,restarted,80,1e-09,234,0.163991546131,2.01354029473,12.2783176464,1.76675913871e-12,1.47985969014e-12,1,0.081109537,lanczos,0,0,0
screen,spectrum_refinement,1,128,1216,627,large,split,s033,add,0.33,1,1,17,restarted,80,1e-09,81,0.480988069531,2.26607278484,4.71128688712,1.78281126463e-12,2.41761247956e-13,1,0.028285938,lanczos,0,0,0
screen,spectrum_refinement,1,128,1216,627,large,split,s10,add,10,1,1,17,restarted,80,1e-09,468,1.15503010549,31.1632011519,26.980423284,1.36868400491e-10,1.6685159884e-13,1,0.164236762,lanczos,0,0,0
screen,spectrum_refinement,1,128,1216,627,large,split,s3,add,3,1,1,17,restarted,80,1e-09,390,1.06735185013,10.2089131913,9.56471213316,1.06731031934e-10,1.37062045101e-13,1,0.13241734,lanczos,0,0,0
screen,spectrum_refinement,1,128,1216,243,large,unsplit,balanced,add,0.33,1,1,17,restarted,80,1e-09,81,0.480987783271,2.26607259627,4.711289299,2.7144139157e-12,3.74416142435e-13,1,0.026761636,lanczos,0,0,0
screen,spectrum_refinement,1,128,1216,243,large,unsplit,base,add,1,1,1,17,restarted,80,1e-09,81,0.861933131515,4.23772585798,4.91653668137,2.65779637874e-12,2.57588999142e-13,1,0.028017905,lanczos,0,0,0
screen,spectrum_refinement,1,128,1216,243,large,unsplit,c033,add,1,1,0.33,17,restarted,80,1e-09,386,0.364989636921,4.23680097918,11.60800349,5.75258726778e-10,1.20942172031e-13,1,0.124307076,lanczos,0,0,0
screen,spectrum_refinement,1,128,1216,243,large,unsplit,c3,add,1,1,3,17,restarted,80,1e-09,312,0.864564226258,5.86117071045,6.77933522165,2.89009151141e-12,3.17342639563e-12,1,0.100863819,lanczos,0,0,0
screen,spectrum_refinement,1,128,1216,243,large,unsplit,h033,add,1,0.33,1,17,restarted,80,1e-09,235,0.456746118081,3.86106780082,8.45342225795,1.56101714179e-12,2.99048838211e-11,1,0.077630356,lanczos,0,0,0
screen,spectrum_refinement,1,128,1216,243,large,unsplit,h3,add,1,3,1,17,restarted,80,1e-09,386,1.05179070276,6.82353876476,6.48754428698,5.50380908127e-12,1.34622609689e-13,1,0.124210776,lanczos,0,0,0
screen,spectrum_refinement,1,128,1216,243,large,unsplit,mult_HSCSH,HSCSH,0.33,1,1,17,restarted,80,1e-09,81,0.711717385828,1,1.40505208937,3.63889916352e-13,0,1,0.040015146,projector_identity,0,0,0
screen,spectrum_refinement,1,128,1216,243,large,unsplit,mult_SCHCS,SCHCS,0.33,1,1,17,restarted,80,1e-09,81,0.620336875046,1.27409284776,2.05387249897,3.32607132226e-13,3.74244167475e-13,1,0.048593258,lanczos,0,0,0
screen,spectrum_refinement,1,128,1216,243,large,unsplit,mult_SHCHS,SHCHS,0.33,1,1,17,restarted,80,1e-09,81,0.711740860539,1,1.4050057478,3.40151979821e-13,0,1,0.041568191,projector_identity,0,0,0
screen,spectrum_refinement,1,128,1216,243,large,unsplit,s01,add,0.1,1,1,17,restarted,80,1e-09,158,0.163991525439,2.01353443172,12.2782834438,1.18963453789e-10,4.89774517089e-12,1,0.050588113,lanczos,0,0,0
screen,spectrum_refinement,1,128,1216,243,large,unsplit,s033,add,0.33,1,1,17,restarted,80,1e-09,81,0.480987783271,2.26607259627,4.711289299,2.7144139157e-12,3.74416142435e-13,1,0.027320134,lanczos,0,0,0
screen,spectrum_refinement,1,128,1216,243,large,unsplit,s10,add,10,1,1,17,restarted,80,1e-09,468,1.1550286981,31.1632010719,26.9804560901,1.63393913451e-10,1.3189745902e-13,1,0.150270294,lanczos,0,0,0
screen,spectrum_refinement,1,128,1216,243,large,unsplit,s3,add,3,1,1,17,restarted,80,1e-09,389,1.06734900497,10.2089131201,9.5647375625,1.11912408015e-11,1.47671506798e-13,1,0.126619297,lanczos,0,0,0
screen,spectrum_refinement,1,128,1216,627,small,split,balanced,add,0.5,1,1,17,restarted,80,1e-09,158,0.238216469249,2.20444140596,9.25394206752,3.3234820202e-11,9.45934087115e-14,1,0.047948458,lanczos,0,0,0
screen,spectrum_refinement,1,128,1216,627,small,split,base,add,1,1,1,17,restarted,80,1e-09,159,0.379055422562,3.47717617511,9.17326588183,2.85714821955e-12,1.71401350451e-10,1,0.051266456,lanczos,0,0,0
screen,spectrum_refinement,1,128,1216,627,small,split,c033,add,1,1,0.33,17,restarted,80,1e-09,5786,0.330464214922,3.4769983178,10.5215577385,6.98822984268e-10,1.85829645274e-13,1,1.733775964,lanczos,0,0,0
screen,spectrum_refinement,1,128,1216,627,small,split,c3,add,1,1,3,17,restarted,80,1e-09,158,0.379135279278,4.0063913767,10.5671816781,4.83227306966e-12,1.75962892982e-12,1,0.047931476,lanczos,0,0,0
screen,spectrum_refinement,1,128,1216,627,small,split,h033,add,1,0.33,1,17,restarted,80,1e-09,236,0.224645147791,3.07143028047,13.6723642183,5.61264107248e-13,1.02135623156e-13,1,0.071736963,lanczos,0,0,0
screen,spectrum_refinement,1,128,1216,627,small,split,h3,add,1,3,1,17,restarted,80,1e-09,234,0.533117445378,5.58523029445,10.4765476029,7.95332189424e-13,2.60168602301e-14,1,0.071589396,lanczos,0,0,0
screen,spectrum_refinement,1,128,1216,627,small,split,mult_HSCSH,HSCSH,0.5,1,1,17,restarted,80,1e-09,81,0.407544127358,1,2.45372202142,1.62115600307e-13,0,1,0.036799288,projector_identity,0,0,0
screen,spectrum_refinement,1,128,1216,627,small,split,mult_SCHCS,SCHCS,0.5,1,1,17,restarted,80,1e-09,81,0.358471359008,1.36972944274,3.8210289562,3.89453564154e-13,3.1552164694e-13,1,0.044158724,lanczos,0,0,0
screen,spectrum_refinement,1,128,1216,627,small,split,mult_SHCHS,SHCHS,0.5,1,1,17,restarted,80,1e-09,81,0.407544637218,1,2.45371895168,4.52588120836e-13,0,1,0.037476871,projector_identity,0,0,0
screen,spectrum_refinement,1,128,1216,627,small,split,s01,add,0.1,1,1,17,restarted,80,1e-09,461,0.0682374012755,2.00049284454,29.3166622285,2.81104599675e-12,6.29979635658e-13,1,0.154735125,lanczos,0,0,0
screen,spectrum_refinement,1,128,1216,627,small,split,s033,add,0.33,1,1,17,restarted,80,1e-09,311,0.176440254152,2.00181829926,11.3455872578,1.60194258998e-11,5.90518123462e-13,1,0.102149412,lanczos,0,0,0
screen,spectrum_refinement,1,128,1216,627,small,split,s10,add,10,1,1,17,restarted,80,1e-09,1757,1.0024927506,30.0378888713,29.9631980912,8.65869679709e-10,9.88671633083e-15,1,0.522696675,lanczos,0,0,0
screen,spectrum_refinement,1,128,1216,627,small,split,s3,add,3,1,1,17,restarted,80,1e-09,159,0.676298281446,9.21612222198,13.6273039202,8.58558290385e-10,4.83566574746e-11,1,0.051233605,lanczos,0,0,0
screen,spectrum_refinement,1,128,1216,243,small,unsplit,balanced,add,0.5,1,1,17,restarted,80,1e-09,235,0.183631368891,2.09892085412,11.4300779154,2.03330588759e-12,1.80417697448e-13,1,0.066023468,lanczos,0,0,0
screen,spectrum_refinement,1,128,1216,243,small,unsplit,base,add,1,1,1,17,restarted,80,1e-09,159,0.327909934005,3.1178664868,9.50830140678,2.85700860122e-11,5.67809227172e-14,1,0.048451091,lanczos,0,0,0
screen,spectrum_refinement,1,128,1216,243,small,unsplit,c033,add,1,1,0.33,17,restarted,80,1e-09,542,0.321723475343,3.11743706353,9.68980289734,1.08687387757e-11,2.33191031115e-14,1,0.152850989,lanczos,0,0,0
screen,spectrum_refinement,1,128,1216,243,small,unsplit,c3,add,1,1,3,17,restarted,80,1e-09,234,0.327984056863,4.00612553896,12.2143910813,5.08998066587e-12,9.65334497731e-13,1,0.066036392,lanczos,0,0,0
screen,spectrum_refinement,1,128,1216,243,small,unsplit,h033,add,1,0.33,1,17,restarted,80,1e-09,235,0.215534511314,2.97996671988,13.8259376733,1.55560247227e-12,8.83324089251e-14,1,0.066408901,lanczos,0,0,0
screen,spectrum_refinement,1,128,1216,243,small,unsplit,h3,add,1,3,1,17,restarted,80,1e-09,235,0.381214373575,5.46314830204,14.3309084881,2.03075539737e-11,2.87454467091e-14,1,0.068632495,lanczos,0,0,0
screen,spectrum_refinement,1,128,1216,243,small,unsplit,mult_HSCSH,HSCSH,0.5,1,1,17,restarted,80,1e-09,81,0.336197381884,1,2.97444315121,3.42501427147e-13,0,1,0.033586237,projector_identity,0,0,0
screen,spectrum_refinement,1,128,1216,243,small,unsplit,mult_SCHCS,SCHCS,0.5,1,1,17,restarted,80,1e-09,81,0.313629724335,1.36124606841,4.34029673462,4.65859977661e-13,2.68469990523e-13,1,0.041732249,lanczos,0,0,0
screen,spectrum_refinement,1,128,1216,243,small,unsplit,mult_SHCHS,SHCHS,0.5,1,1,17,restarted,80,1e-09,81,0.336190259118,1,2.97450616988,3.36103016981e-13,0,1,0.033812101,projector_identity,0,0,0
screen,spectrum_refinement,1,128,1216,243,small,unsplit,s01,add,0.1,1,1,17,restarted,80,1e-09,309,0.040286079009,2.00049118093,49.6571329386,1.60617482216e-11,5.89069714397e-13,1,0.093925505,lanczos,0,0,0
screen,spectrum_refinement,1,128,1216,243,small,unsplit,s033,add,0.33,1,1,17,restarted,80,1e-09,234,0.125930504288,2.00177264108,15.895851862,8.97573751041e-12,7.54136679752e-13,1,0.069012469,lanczos,0,0,0
screen,spectrum_refinement,1,128,1216,243,small,unsplit,s10,add,10,1,1,17,restarted,80,1e-09,997,1.00040452098,29.7744785031,29.7624389721,2.68070978755e-10,1.27703925222e-14,1,0.27823697,lanczos,0,0,0
screen,spectrum_refinement,1,128,1216,243,small,unsplit,s3,add,3,1,1,17,restarted,80,1e-09,235,0.648850833629,8.93818915402,13.775414457,6.6073126905e-13,2.11659429101e-14,1,0.068044391,lanczos,0,0,0
screen,spectrum_refinement,2,512,4736,2403,large,split,balanced,add,0.33,1,1,17,restarted,80,1e-09,235,0.447003297429,2.26757800315,5.07284401745,5.02412267163e-11,1.01375887168e-12,1,0.774575225,lanczos,0,0,0
screen,spectrum_refinement,2,512,4736,2403,large,split,base,add,1,1,1,17,restarted,80,1e-09,158,0.631480574949,4.24281665887,6.718839545,6.66365284345e-12,4.19947838145e-13,1,0.438921152,lanczos,0,0,0
screen,spectrum_refinement,2,512,4736,2403,large,split,c033,add,1,1,0.33,17,restarted,80,1e-09,1071,0.341037989915,4.24258172803,12.4402027149,1.3825004182e-10,3.57402772372e-13,1,2.957182294,lanczos,0,0,0
screen,spectrum_refinement,2,512,4736,2403,large,split,c3,add,1,1,3,17,restarted,80,1e-09,468,0.631954456671,5.85988899886,9.27264447144,8.82953652089e-12,8.83959717857e-12,1,1.383767065,lanczos,0,0,0
screen,spectrum_refinement,2,512,4736,2403,large,split,h033,add,1,0.33,1,17,restarted,80,1e-09,313,0.277400172252,3.85986001857,13.9144110374,1.75056384572e-11,6.24541749122e-11,1,0.84634043,lanczos,0,0,0
screen,spectrum_refinement,2,512,4736,2403,large,split,h3,add,1,3,1,17,restarted,80,1e-09,842,1.01845751402,6.83068575219,6.70689317732,4.59509472578e-11,4.99331224837e-13,1,2.264255718,lanczos,0,0,0
screen,spectrum_refinement,2,512,4736,2403,large,split,mult_HSCSH,HSCSH,0.33,1,1,17,restarted,80,1e-09,81,0.674672053605,1,1.48220160396,2.63526885492e-12,0,1,0.374379336,projector_identity,0,0,0
screen,spectrum_refinement,2,512,4736,2403,large,split,mult_SCHCS,SCHCS,0.33,1,1,17,restarted,80,1e-09,81,0.533694489901,1.35656448682,2.54183716058,1.52067593409e-12,1.10592639733e-12,1,0.417866599,lanczos,0,0,0
screen,spectrum_refinement,2,512,4736,2403,large,split,mult_SHCHS,SHCHS,0.33,1,1,17,restarted,80,1e-09,81,0.674677900183,1,1.4821887596,1.39567805172e-12,0,1,0.41380237,projector_identity,0,0,0
screen,spectrum_refinement,2,512,4736,2403,large,split,s01,add,0.1,1,1,17,restarted,80,1e-09,384,0.152707741784,2.00648333316,13.1393687688,1.99289019418e-11,5.15335178014e-11,1,1.029939548,lanczos,0,0,0
screen,spectrum_refinement,2,512,4736,2403,large,split,s033,add,0.33,1,1,17,restarted,80,1e-09,235,0.447003297429,2.26757800315,5.07284401745,5.02412267163e-11,1.01375887168e-12,1,0.658224534,lanczos,0,0,0
screen,spectrum_refinement,2,512,4736,2403,large,split,s10,add,10,1,1,17,restarted,80,1e-09,1461,1.04057413583,31.2040971277,29.9873848996,7.88337426701e-10,4.08519491875e-13,1,4.010781205,lanczos,0,0,0
screen,spectrum_refinement,2,512,4736,2403,large,split,s3,add,3,1,1,17,restarted,80,1e-09,159,0.834345990849,10.2224749798,12.252081381,5.18001188886e-10,2.02160830388e-10,1,0.432179227,lanczos,0,0,0
screen,spectrum_refinement,2,512,4736,867,large,unsplit,balanced,add,0.33,1,1,17,restarted,80,1e-09,235,0.447003281996,2.26757799292,5.07284416973,4.67729036258e-11,3.20939780233e-12,1,0.5933859,lanczos,0,0,0
screen,spectrum_refinement,2,512,4736,867,large,unsplit,base,add,1,1,1,17,restarted,80,1e-09,158,0.631480211683,4.24281665431,6.71884340286,1.42227802023e-11,9.65541133083e-13,1,0.37808886,lanczos,0,0,0
screen,spectrum_refinement,2,512,4736,867,large,unsplit,c033,add,1,1,0.33,17,restarted,80,1e-09,1071,0.341037529517,4.2425817271,12.4402195064,2.36972537697e-10,3.93568791548e-13,1,2.721951715,lanczos,0,0,0
screen,spectrum_refinement,2,512,4736,867,large,unsplit,c3,add,1,1,3,17,restarted,80,1e-09,468,0.631954092529,5.85988699621,9.2726466455,8.28885202292e-12,8.44782800502e-12,1,1.158325873,lanczos,0,0,0
screen,spectrum_refinement,2,512,4736,867,large,unsplit,h033,add,1,0.33,1,17,restarted,80,1e-09,313,0.277399968731,3.85985919594,13.9144182806,8.40384153667e-12,6.1452708829e-11,1,0.751954181,lanczos,0,0,0
screen,spectrum_refinement,2,512,4736,867,large,unsplit,h3,add,1,3,1,17,restarted,80,1e-09,842,1.01844502941,6.83068574562,6.70697538736,2.79357104806e-10,6.16388827385e-13,1,2.05619432,lanczos,0,0,0
screen,spectrum_refinement,2,512,4736,867,large,unsplit,mult_HSCSH,HSCSH,0.33,1,1,17,restarted,80,1e-09,81,0.674672043302,1,1.48220162659,8.72493705929e-13,0,1,0.291640671,projector_identity,0,0,0
screen,spectrum_refinement,2,512,4736,867,large,unsplit,mult_SCHCS,SCHCS,0.33,1,1,17,restarted,80,1e-09,81,0.533694402527,1.35656067512,2.54183043461,1.44926520553e-12,1.30634017015e-12,1,0.356597597,lanczos,0,0,0
screen,spectrum_refinement,2,512,4736,867,large,unsplit,mult_SHCHS,SHCHS,0.33,1,1,17,restarted,80,1e-09,81,0.67467788957,1,1.48218878291,4.51877107119e-12,0,1,0.299953365,projector_identity,0,0,0
screen,spectrum_refinement,2,512,4736,867,large,unsplit,s01,add,0.1,1,1,17,restarted,80,1e-09,384,0.152707741392,2.00648176276,13.1393585189,1.10242857848e-11,3.77277488492e-11,1,0.951629357,lanczos,0,0,0
screen,spectrum_refinement,2,512,4736,867,large,unsplit,s033,add,0.33,1,1,17,restarted,80,1e-09,235,0.447003281996,2.26757799292,5.07284416973,4.67729036258e-11,3.20939780233e-12,1,0.584010341,lanczos,0,0,0
screen,spectrum_refinement,2,512,4736,867,large,unsplit,s10,add,10,1,1,17,restarted,80,1e-09,1461,1.04057405448,31.204097123,29.9873872395,7.74413642115e-10,3.7760764377e-13,1,3.621400048,lanczos,0,0,0
screen,spectrum_refinement,2,512,4736,867,large,unsplit,s3,add,3,1,1,17,restarted,80,1e-09,159,0.834345408877,10.2224749755,12.2520899219,4.78635597051e-10,2.20072414819e-10,1,0.397078757,lanczos,0,0,0
screen,spectrum_refinement,2,512,4736,2403,small,split,balanced,add,0.5,1,1,17,restarted,80,1e-09,311,0.221831193658,2.20542122433,9.94188954205,6.17333439614e-10,4.03178769653e-13,1,0.415404999,lanczos,0,0,0
screen,spectrum_refinement,2,512,4736,2403,small,split,base,add,1,1,1,17,restarted,80,1e-09,542,0.348947955551,3.47873468571,9.96920781556,4.64286851161e-12,5.06629019651e-13,1,1.363571024,lanczos,0,0,0
screen,spectrum_refinement,2,512,4736,2403,small,split,c033,add,1,1,0.33,17,restarted,80,1e-09,3202,0.329899180272,3.47868923989,10.5447041033,5.15912869086e-10,1.2730302678e-13,1,4.735421372,lanczos,0,0,0
screen,spectrum_refinement,2,512,4736,2403,small,split,c3,add,1,1,3,17,restarted,80,1e-09,461,0.348962585787,4.0015822841,11.4670811344,8.53639263416e-12,3.6270598219e-11,1,0.633075745,lanczos,0,0,0
screen,spectrum_refinement,2,512,4736,2403,small,split,h033,add,1,0.33,1,17,restarted,80,1e-09,390,0.181806118866,3.07433684518,16.9099745616,2.12198593087e-12,1.17592476398e-13,1,0.601375478,lanczos,0,0,0
screen,spectrum_refinement,2,512,4736,2403,small,split,h3,add,1,3,1,17,restarted,80,1e-09,387,0.497803803755,5.58256004973,11.2143780494,3.3816942115e-12,9.1348836205e-14,1,0.578817412,lanczos,0,0,0
screen,spectrum_refinement,2,512,4736,2403,small,split,mult_HSCSH,HSCSH,0.5,1,1,17,restarted,80,1e-09,159,0.382624328325,1,2.61352957972,2.00338758427e-12,0,1,0.316232634,projector_identity,0,0,0
screen,spectrum_refinement,2,512,4736,2403,small,split,mult_SCHCS,SCHCS,0.5,1,1,17,restarted,80,1e-09,234,0.33285378226,1.40956877189,4.23479872249,3.0497019375e-12,1.57304220554e-12,1,0.563374925,lanczos,0,0,0
screen,spectrum_refinement,2,512,4736,2403,small,split,mult_SHCHS,SHCHS,0.5,1,1,17,restarted,80,1e-09,159,0.382626039101,1,2.61351789426,2.7144656482e-12,0,1,0.318411465,projector_identity,0,0,0
screen,spectrum_refinement,2,512,4736,2403,small,split,s01,add,0.1,1,1,17,restarted,80,1e-09,534,0.0640902264748,2.00012293185,31.2079242322,1.72247373948e-10,5.0710528288e-12,1,1.21325809,lanczos,0,0,0
screen,spectrum_refinement,2,512,4736,2403,small,split,s033,add,0.33,1,1,17,restarted,80,1e-09,461,0.164723791436,2.00045246354,12.1442837498,1.77109321111e-11,5.17795424163e-12,1,1.040405355,lanczos,0,0,0
screen,spectrum_refinement,2,512,4736,2403,small,split,s10,add,10,1,1,17,restarted,80,1e-09,541,0.736195190559,30.0741598734,40.8507964451,3.88354153736e-11,2.28222291408e-14,1,0.808353021,lanczos,0,0,0
screen,spectrum_refinement,2,512,4736,2403,small,split,s3,add,3,1,1,17,restarted,80,1e-09,390,0.549481196562,9.22588675806,16.7901773815,2.20989339016e-12,4.8752832908e-14,1,0.599051295,lanczos,0,0,0
screen,spectrum_refinement,2,512,4736,867,small,unsplit,balanced,add,0.5,1,1,17,restarted,80,1e-09,465,0.170542825693,2.09823451469,12.3032704904,1.39819868963e-11,8.72410163483e-13,1,0.961841857,lanczos,0,0,0
screen,spectrum_refinement,2,512,4736,867,small,unsplit,base,add,1,1,1,17,restarted,80,1e-09,542,0.303314670709,3.12037583412,10.2875862444,1.33298809802e-12,1.76253447498e-13,1,1.161260912,lanczos,0,0,0
screen,spectrum_refinement,2,512,4736,867,small,unsplit,c033,add,1,1,0.33,17,restarted,80,1e-09,542,0.30280139637,3.12026442493,10.3046566573,4.92331670019e-13,1.50285986089e-13,1,1.020747483,lanczos,0,0,0
screen,spectrum_refinement,2,512,4736,867,small,unsplit,c3,add,1,1,3,17,restarted,80,1e-09,384,0.303330464106,4.00151926378,13.1919465312,5.79501979858e-11,1.80546486948e-11,1,0.78097062,lanczos,0,0,0
screen,spectrum_refinement,2,512,4736,867,small,unsplit,h033,add,1,0.33,1,17,restarted,80,1e-09,390,0.177431004677,2.98303664249,16.8123753113,2.54339614513e-12,1.36765259349e-13,1,0.830179643,lanczos,0,0,0
screen,spectrum_refinement,2,512,4736,867,small,unsplit,h3,add,1,3,1,17,restarted,80,1e-09,387,0.353300304246,5.44162756835,15.4022725227,9.19672926913e-12,1.66118054151e-13,1,0.786392257,lanczos,0,0,0
screen,spectrum_refinement,2,512,4736,867,small,unsplit,mult_HSCSH,HSCSH,0.5,1,1,17,restarted,80,1e-09,159,0.314132377054,1,3.18337132065,1.84821047561e-12,0,1,0.439326553,projector_identity,0,0,0
screen,spectrum_refinement,2,512,4736,867,small,unsplit,mult_SCHCS,SCHCS,0.5,1,1,17,restarted,80,1e-09,234,0.291326706554,1.40538424406,4.82408310823,1.23471344583e-12,1.87854642752e-12,1,0.780543538,lanczos,0,0,0
screen,spectrum_refinement,2,512,4736,867,small,unsplit,mult_SHCHS,SHCHS,0.5,1,1,17,restarted,80,1e-09,159,0.314130961983,1,3.18338566083,1.30085688757e-12,0,1,0.420638082,projector_identity,0,0,0
screen,spectrum_refinement,2,512,4736,867,small,unsplit,s01,add,0.1,1,1,17,restarted,80,1e-09,684,0.0370447429687,2.00012252488,53.9920745724,8.90390999431e-11,2.9213368653e-12,1,1.378359144,lanczos,0,0,0
screen,spectrum_refinement,2,512,4736,867,small,unsplit,s033,add,0.33,1,1,17,restarted,80,1e-09,461,0.116676574194,2.00044139185,17.1451845039,1.73284722142e-10,2.87619744131e-12,1,0.901030845,lanczos,0,0,0
screen,spectrum_refinement,2,512,4736,867,small,unsplit,s10,add,10,1,1,17,restarted,80,1e-09,541,0.730177789797,29.8108977104,40.8269028817,2.59339254012e-11,3.29748687909e-14,1,1.069430921,lanczos,0,0,0
screen,spectrum_refinement,2,512,4736,867,small,unsplit,s3,add,3,1,1,17,restarted,80,1e-09,313,0.536057568782,8.94875394015,16.693643484,9.27769867615e-10,5.11748894594e-14,1,0.625538045,lanczos,0,0,0
screen,spectrum_refinement,3,2048,18688,9411,large,split,balanced,add,0.33,1,1,17,restarted,80,1e-09,386,0.439498983684,2.26807604705,5.16059452069,4.41183682987e-10,7.78224516845e-12,1,6.352299163,lanczos,0,0,0
screen,spectrum_refinement,3,2048,18688,9411,large,split,base,add,1,1,1,17,restarted,80,1e-09,311,0.540288541378,4.24411630815,7.85527728818,1.42299131769e-11,1.52368594817e-12,1,5.743362366,lanczos,0,0,0
screen,spectrum_refinement,3,2048,18688,9411,large,split,c033,add,1,1,0.33,17,restarted,80,1e-09,3883,0.333927565965,4.24405732778,12.7095147581,9.21384573032e-10,1.37034615565e-12,1,72.097818097,lanczos,0,0,0
screen,spectrum_refinement,3,2048,18688,9411,large,split,c3,add,1,1,3,17,restarted,80,1e-09,546,0.54031577376,5.8597683781,10.8450810853,1.54113695897e-10,2.01262155504e-11,1,10.398499692,lanczos,0,0,0
screen,spectrum_refinement,3,2048,18688,9411,large,split,h033,add,1,0.33,1,17,restarted,80,1e-09,547,0.204048411343,3.85976005758,18.9159034965,3.77923721866e-11,3.13724822789e-12,1,10.049050764,lanczos,0,0,0
screen,spectrum_refinement,3,2048,18688,9411,large,split,h3,add,1,3,1,17,restarted,80,1e-09,3426,1.00713236935,6.83282400498,6.7844349094,3.99503342312e-10,1.07397007224e-12,1,63.406747148,lanczos,0,0,0
screen,spectrum_refinement_done,3,2048,18688,9411,large,split,mult_HSCSH,HSCSH,0.33,1,1,17,restarted,80,1e-09,161,0.666074358118,1,1.50133387934,2.99479240819e-12,0,1,4.210646482,projector_identity,0,0,0
screen,spectrum_refinement_done,3,2048,18688,9411,large,split,mult_SCHCS,SCHCS,0.33,1,1,17,restarted,80,1e-09,234,0.508935772367,1.40183492574,2.7544436879,5.93663663248e-11,1.05131089415e-11,1,8.754930322,lanczos,0,0,0
screen,spectrum_refinement_done,3,2048,18688,9411,large,split,mult_SHCHS,SHCHS,0.33,1,1,17,restarted,80,1e-09,161,0.666075993492,1,1.50133019321,8.10290335826e-12,0,1,3.159232269,projector_identity,0,0,0
screen,spectrum_refinement,3,2048,18688,9411,large,split,s01,add,0.1,1,1,17,restarted,80,1e-09,684,0.149971707668,2.00316747545,13.3569691684,1.66362304559e-10,1.33895312078e-10,1,12.602350539,lanczos,0,0,0
screen,spectrum_refinement,3,2048,18688,9411,large,split,s033,add,0.33,1,1,17,restarted,80,1e-09,386,0.439498983684,2.26807604705,5.16059452069,4.41183682987e-10,7.78224516845e-12,1,7.255876823,lanczos,0,0,0
screen,spectrum_refinement,3,2048,18688,9411,large,split,s10,add,10,1,1,17,restarted,80,1e-09,470,0.803100643742,31.2148204492,38.8678812456,7.35243264312e-11,1.04569328084e-10,1,9.175782695,lanczos,0,0,0
screen,spectrum_refinement,3,2048,18688,9411,large,split,s3,add,3,1,1,17,restarted,80,1e-09,313,0.616934105764,10.2259503766,16.575433715,8.48731763842e-10,1.23956466467e-12,1,5.992762724,lanczos,0,0,0
screen,spectrum_refinement,3,2048,18688,3267,large,unsplit,balanced,add,0.33,1,1,17,restarted,80,1e-09,386,0.439498982855,2.26807604643,5.16059452901,4.08791794756e-10,1.10078692006e-11,1,7.377832165,lanczos,0,0,0
screen,spectrum_refinement,3,2048,18688,3267,large,unsplit,base,add,1,1,1,17,restarted,80,1e-09,311,0.540288476973,4.24411630787,7.85527822405,3.45908634417e-11,1.96376935414e-12,1,2.622389168,lanczos,0,0,0
screen,spectrum_refinement,3,2048,18688,3267,large,unsplit,c033,add,1,1,0.33,17,restarted,80,1e-09,3883,0.333927456049,4.24405732772,12.7095189414,7.77235002003e-10,1.35030907698e-12,1,61.698566582,lanczos,0,0,0
screen,spectrum_refinement,3,2048,18688,3267,large,unsplit,c3,add,1,1,3,17,restarted,80,1e-09,546,0.540315709439,5.85976787758,10.84508145,6.69791454064e-11,2.07388049246e-11,1,11.229232603,lanczos,0,0,0
screen,spectrum_refinement,3,2048,18688,3267,large,unsplit,h033,add,1,0.33,1,17,restarted,80,1e-09,547,0.204048388673,3.85975985187,18.9159045899,6.25682158047e-11,3.08370113933e-12,1,8.55276459,lanczos,0,0,0
screen,spectrum_refinement,3,2048,18688,3267,large,unsplit,h3,add,1,3,1,17,restarted,80,1e-09,3275,1.00712925402,6.83282400456,6.78445589513,8.82963100529e-10,1.37451144018e-12,1,53.213912056,lanczos,0,0,0
screen,spectrum_refinement,3,2048,18688,3267,large,unsplit,mult_HSCSH,HSCSH,0.33,1,1,17,restarted,80,1e-09,159,0.66607435758,1,1.50133388055,3.77672898911e-12,0,1,4.491483067,projector_identity,0,0,0
screen,spectrum_refinement,3,2048,18688,3267,large,unsplit,mult_SCHCS,SCHCS,0.33,1,1,17,restarted,80,1e-09,234,0.50893575577,1.40183393775,2.75444183643,4.08185708552e-11,3.58660392824e-12,1,9.878731494,lanczos,0,0,0
screen,spectrum_refinement,3,2048,18688,3267,large,unsplit,mult_SHCHS,SHCHS,0.33,1,1,17,restarted,80,1e-09,159,0.66607599293,1,1.50133019447,1.36221063011e-11,0,1,4.304068297,projector_identity,0,0,0
screen,spectrum_refinement,3,2048,18688,3267,large,unsplit,s01,add,0.1,1,1,17,restarted,80,1e-09,684,0.149971707654,2.00316707044,13.356966469,9.74664121427e-11,9.99984956729e-11,1,7.296032702,lanczos,0,0,0
screen,spectrum_refinement,3,2048,18688,3267,large,unsplit,s033,add,0.33,1,1,17,restarted,80,1e-09,386,0.439498982855,2.26807604643,5.16059452901,4.08791794756e-10,1.10078692006e-11,1,5.900574891,lanczos,0,0,0
screen,spectrum_refinement,3,2048,18688,3267,large,unsplit,s10,add,10,1,1,17,restarted,80,1e-09,548,0.803100515787,31.2148204489,38.8678874379,5.47613318892e-11,1.74528754702e-10,1,8.277562578,lanczos,0,0,0
screen,spectrum_refinement,3,2048,18688,3267,large,unsplit,s3,add,3,1,1,17,restarted,80,1e-09,313,0.616934037196,10.2259503763,16.5754355568,8.17583260089e-10,1.31027788072e-12,1,4.824526999,lanczos,0,0,0
screen,spectrum_refinement_done,3,2048,18688,9411,small,split,balanced,add,0.5,1,1,17,restarted,80,1e-09,617,0.217767837571,2.2057864588,10.1290736199,1.1609017755e-10,1.07690401269e-12,1,14.067206666,lanczos,0,0,0
screen,spectrum_refinement_done,3,2048,18688,9411,small,split,base,add,1,1,1,17,restarted,80,1e-09,848,0.34179602202,3.47913218559,10.1789721397,3.95508276404e-11,1.83999834243e-12,1,16.768089336,lanczos,0,0,0
screen,spectrum_refinement_done,3,2048,18688,9411,small,split,c033,add,1,1,0.33,17,restarted,80,1e-09,4800,0.329896898635,3.4791207635,10.5460850887,9.67415890452e-10,4.96071198681e-13,1,106.704969111,lanczos,0,0,0
screen,spectrum_refinement_done,3,2048,18688,9411,small,split,c3,add,1,1,3,17,restarted,80,1e-09,761,0.341799495666,4.00039339974,11.7039183804,2.27593223924e-10,6.88885886628e-11,1,16.686660785,lanczos,0,0,0
screen,spectrum_refinement_done,3,2048,18688,9411,small,split,h033,add,1,0.33,1,17,restarted,80,1e-09,618,0.169448303426,3.07506933269,18.1475368623,2.7194813428e-10,1.08468073083e-12,1,13.638440268,lanczos,0,0,0
screen,spectrum_refinement_done,3,2048,18688,9411,small,split,h3,add,1,3,1,17,restarted,80,1e-09,691,0.488826873483,5.58402797959,11.423324458,3.0231495619e-10,2.21548494217e-13,1,16.596138127,lanczos,0,0,0
screen,spectrum_refinement_done,3,2048,18688,9411,small,split,mult_HSCSH,HSCSH,0.5,1,1,17,restarted,80,1e-09,121,0.376284614099,1,2.65756281955,2.89327784979e-10,0,1,4.019833615,projector_identity,0,0,0
screen,spectrum_refinement_done,3,2048,18688,9411,small,split,mult_SCHCS,SCHCS,0.5,1,1,17,restarted,80,1e-09,384,0.326571225918,1.42975616607,4.37808371529,2.00943849823e-10,1.63640405348e-11,1,15.465744773,lanczos,0,0,0
screen,spectrum_refinement_done,3,2048,18688,9411,small,split,mult_SHCHS,SHCHS,0.5,1,1,17,restarted,80,1e-09,241,0.376285134755,1,2.65755914235,4.68666471373e-12,0,1,7.977265875,projector_identity,0,0,0
screen,spectrum_refinement_done,3,2048,18688,9411,small,split,s01,add,0.1,1,1,17,restarted,80,1e-09,1209,0.0629877870249,2.00003068638,31.7526743016,3.91757255963e-10,3.66042668289e-11,1,26.216327963,lanczos,0,0,0
screen,spectrum_refinement_done,3,2048,18688,9411,small,split,s033,add,0.33,1,1,17,restarted,80,1e-09,836,0.161747858363,2.00011280537,12.3656215644,3.04769850462e-11,2.48476629407e-11,1,18.761901385,lanczos,0,0,0
screen,spectrum_refinement_done,3,2048,18688,9411,small,split,s10,add,10,1,1,17,restarted,80,1e-09,617,0.577259390167,30.083263544,52.1139440196,2.09032638719e-10,1.03487335254e-13,1,13.404411551,lanczos,0,0,0
screen,spectrum_refinement_done,3,2048,18688,9411,small,split,s3,add,3,1,1,17,restarted,80,1e-09,618,0.51289242501,9.22834818107,17.9927558511,3.43564265736e-10,1.06196153561e-12,1,13.595677502,lanczos,0,0,0
screen,spectrum_refinement,3,2048,18688,3267,small,unsplit,balanced,add,0.5,1,1,17,restarted,80,1e-09,694,0.167288366981,2.09867728854,12.5452673513,6.38367579781e-10,5.76411069075e-12,1,10.474139691,lanczos,0,0,0
screen,spectrum_refinement,3,2048,18688,3267,small,unsplit,base,add,1,1,1,17,restarted,80,1e-09,693,0.297458956081,3.12103264396,10.4923135786,4.77627435372e-11,8.54577801844e-13,1,13.109943802,lanczos,0,0,0
screen,spectrum_refinement,3,2048,18688,3267,small,unsplit,c033,add,1,1,0.33,17,restarted,80,1e-09,693,0.297352266008,3.12100469566,10.495984233,5.10028452954e-11,4.00116561682e-13,1,8.880780815,lanczos,0,0,0
screen,spectrum_refinement,3,2048,18688,3267,small,unsplit,c3,add,1,1,3,17,restarted,80,1e-09,684,0.297462821049,4.00037808937,13.4483296947,9.21029288649e-10,5.09459994879e-11,1,9.961135702,lanczos,0,0,0
screen,spectrum_refinement,3,2048,18688,3267,small,unsplit,h033,add,1,0.33,1,17,restarted,80,1e-09,693,0.167277086099,2.98380755493,17.8375151344,5.87683772042e-11,7.31922845961e-13,1,9.267662741,lanczos,0,0,0
screen,spectrum_refinement,3,2048,18688,3267,small,unsplit,h3,add,1,3,1,17,restarted,80,1e-09,769,0.346204280837,5.44326822097,15.7227062814,1.03624300312e-10,6.85284283094e-13,1,9.762018223,lanczos,0,0,0
screen,spectrum_refinement,3,2048,18688,3267,small,unsplit,mult_HSCSH,HSCSH,0.5,1,1,17,restarted,80,1e-09,315,0.308531641657,1,3.24115865274,1.47294620575e-11,0,1,6.495087617,projector_identity,0,0,0
screen,spectrum_refinement,3,2048,18688,3267,small,unsplit,mult_SCHCS,SCHCS,0.5,1,1,17,restarted,80,1e-09,459,0.285875138773,1.42761762597,4.99385022462,2.72399942017e-12,1.3393125456e-11,1,12.683159692,lanczos,0,0,0
screen,spectrum_refinement,3,2048,18688,3267,small,unsplit,mult_SHCHS,SHCHS,0.5,1,1,17,restarted,80,1e-09,315,0.308531304275,1,3.24116219698,2.11325648244e-11,0,1,6.458983974,projector_identity,0,0,0
screen,spectrum_refinement,3,2048,18688,3267,small,unsplit,s01,add,0.1,1,1,17,restarted,80,1e-09,1434,0.0361917920849,2.00003058576,55.2619936882,8.20133650708e-10,1.17727322781e-10,1,18.886816001,lanczos,0,0,0
screen,spectrum_refinement,3,2048,18688,3267,small,unsplit,s033,add,0.33,1,1,17,restarted,80,1e-09,911,0.114324577001,2.00011008247,17.4950140637,1.20502876591e-10,1.22564683648e-10,1,11.998741969,lanczos,0,0,0
screen,spectrum_refinement,3,2048,18688,3267,small,unsplit,s10,add,10,1,1,17,restarted,80,1e-09,617,0.57516320319,29.8200357928,51.8462162173,4.83869393164e-11,1.7879455089e-13,1,8.856469518,lanczos,0,0,0
screen,spectrum_refinement,3,2048,18688,3267,small,unsplit,s3,add,3,1,1,17,restarted,80,1e-09,693,0.506086288932,8.95140575903,17.6875089383,7.03821751454e-11,3.04590450358e-13,1,9.478464693,lanczos,0,0,0
seed_check,spectrum_check,3,2048,18688,9411,large,split,base,add,1,1,1,71,restarted,120,1e-07,238,0.540288541378,4.24411630815,7.85527728818,3.44441815507e-11,3.21888429003e-12,1,4.07086352,lanczos,0,0,0
seed_check,spectrum_check,3,2048,18688,9411,large,split,h3,add,1,3,1,71,restarted,120,1e-07,1723,1.00713236935,6.83282400498,6.7844349094,7.21855348921e-08,1.8509585164e-12,1,29.502902842,lanczos,0,0,0
seed_check,spectrum_check,3,2048,18688,9411,large,split,mult_HSCSH,HSCSH,0.33,1,1,71,restarted,120,1e-07,121,0.666074358118,1,1.50133387934,3.6849091241e-09,0,1,3.4981094,projector_identity,0,0,0
seed_check,spectrum_check,3,2048,18688,9411,large,split,mult_SHCHS,SHCHS,0.33,1,1,71,restarted,120,1e-07,121,0.666075993492,1,1.50133019321,5.4054790564e-09,0,1,3.415793147,projector_identity,0,0,0
seed_check,spectrum_check,3,2048,18688,9411,large,split,s033,add,0.33,1,1,71,restarted,120,1e-07,583,0.439498983684,2.26807604705,5.1605945207,7.72798560545e-11,1.57947642192e-11,1,9.413092699,lanczos,0,0,0
seed_check,spectrum_check,3,2048,18688,9411,large,split,s3,add,3,1,1,71,restarted,120,1e-07,238,0.616934105764,10.2259503766,16.575433715,2.41908458848e-10,1.35697786721e-12,1,3.552551647,lanczos,0,0,0
seed_check,spectrum_check,3,2048,18688,3267,large,unsplit,base,add,1,1,1,71,restarted,120,1e-07,238,0.540288476973,4.24411630787,7.85527822405,2.50466550291e-11,3.56613134888e-12,1,3.817030561,lanczos,0,0,0
seed_check,spectrum_check,3,2048,18688,3267,large,unsplit,h3,add,1,3,1,71,restarted,120,1e-07,1951,1.00712925401,6.83282400456,6.78445589514,6.03388855666e-08,1.34649857381e-12,1,31.237092522,lanczos,0,0,0
seed_check,spectrum_check,3,2048,18688,3267,large,unsplit,mult_HSCSH,HSCSH,0.33,1,1,71,restarted,120,1e-07,121,0.66607435758,1,1.50133388055,3.60888704183e-09,0,1,2.740221179,projector_identity,0,0,0
seed_check,spectrum_check,3,2048,18688,3267,large,unsplit,mult_SHCHS,SHCHS,0.33,1,1,71,restarted,120,1e-07,121,0.66607599293,1,1.50133019447,5.39217428773e-09,0,1,2.658584664,projector_identity,0,0,0
seed_check,spectrum_check,3,2048,18688,3267,large,unsplit,s033,add,0.33,1,1,71,restarted,120,1e-07,583,0.439498982855,2.26807604643,5.16059452901,1.36596484309e-10,6.53278848248e-12,1,9.342356504,lanczos,0,0,0
seed_check,spectrum_check,3,2048,18688,3267,large,unsplit,s3,add,3,1,1,71,restarted,120,1e-07,238,0.616934037196,10.2259503763,16.5754355568,2.42076457908e-10,1.28685588017e-12,1,3.695313837,lanczos,0,0,0
seed_check,spectrum_check,3,2048,18688,9411,small,split,base,add,1,1,1,71,restarted,120,1e-07,471,0.34179602202,3.47913218559,10.1789721397,7.2413157607e-08,1.37801523717e-12,1,8.988933026,lanczos,0,0,0
seed_check,spectrum_check,3,2048,18688,9411,small,split,h3,add,1,3,1,71,restarted,120,1e-07,469,0.488826875009,5.58402797959,11.4233244223,8.11674229624e-08,3.48496916891e-13,1,9.587995983,lanczos,0,0,0
seed_check,spectrum_check,3,2048,18688,9411,small,split,mult_HSCSH,HSCSH,0.5,1,1,71,restarted,120,1e-07,181,0.376284609472,1,2.65756285224,5.85223578626e-09,0,1,5.971623944,projector_identity,0,0,0
seed_check,spectrum_check,3,2048,18688,9411,small,split,mult_SHCHS,SHCHS,0.5,1,1,71,restarted,120,1e-07,181,0.376285134755,1,2.65755914235,7.00656572506e-09,0,1,5.921742648,projector_identity,0,0,0
seed_check,spectrum_check,3,2048,18688,9411,small,split,s033,add,0.33,1,1,71,restarted,120,1e-07,469,0.161747859445,2.00011280537,12.3656214817,4.05928552535e-08,2.67834747439e-11,1,8.558393938,lanczos,0,0,0
seed_check,spectrum_check,3,2048,18688,9411,small,split,s3,add,3,1,1,71,restarted,120,1e-07,589,0.51289242501,9.22834818107,17.9927558511,4.52392765978e-09,1.05671595279e-12,1,10.60019549,lanczos,0,0,0
seed_check,spectrum_check,3,2048,18688,3267,small,unsplit,base,add,1,1,1,71,restarted,120,1e-07,470,0.297458956081,3.12103264396,10.4923135786,6.29215275346e-08,7.84706431305e-13,1,7.003935074,lanczos,0,0,0
seed_check,spectrum_check,3,2048,18688,3267,small,unsplit,h3,add,1,3,1,71,restarted,120,1e-07,811,0.346204280837,5.44326822097,15.7227062814,5.89797900148e-09,9.44246584656e-13,1,12.181943491,lanczos,0,0,0
seed_check,spectrum_check,3,2048,18688,3267,small,unsplit,mult_HSCSH,HSCSH,0.5,1,1,71,restarted,120,1e-07,121,0.308531643006,1,3.24115863857,2.64434828456e-08,0,1,2.246376686,projector_identity,0,0,0
seed_check,spectrum_check,3,2048,18688,3267,small,unsplit,mult_SHCHS,SHCHS,0.5,1,1,71,restarted,120,1e-07,121,0.308531305397,1,3.24116218519,2.41178069467e-08,0,1,2.323579178,projector_identity,0,0,0
seed_check,spectrum_check,3,2048,18688,3267,small,unsplit,s033,add,0.33,1,1,71,restarted,120,1e-07,353,0.114324577074,2.00011008249,17.4950140529,3.6093001335e-08,6.10555667499e-11,1,5.908502834,lanczos,0,0,0
seed_check,spectrum_check,3,2048,18688,3267,small,unsplit,s3,add,3,1,1,71,restarted,120,1e-07,470,0.506086288932,8.95140575903,17.6875089383,8.33373246202e-09,4.74507300237e-13,1,7.0460974,lanczos,0,0,0
seed_check,spectrum_best_check,5,32768,295936,49923,large,unsplit,chosen_mult,SHCHS,0.4,1,1,71,restarted,120,1e-07,241,0.688607371399,1,1.45220635377,1.29151331038e-08,0,1,119.357411673,projector_identity,0,0,0
tuning,spectrum_tune7,2,512,4736,867,large,unsplit,tune_add,add,0.25,0.5,1,17,restarted,80,1e-07,391,0.270086427316,1.71501662071,6.34988080576,2.61279698224e-11,6.56661331539e-10,1,0.785434129,lanczos,0,0,0
tuning,spectrum_tune7,2,512,4736,867,large,unsplit,tune_add,add,0.25,1,1,17,restarted,80,1e-07,311,0.358104767586,2.03938102807,5.69492844738,1.04210901084e-08,5.74864703996e-12,1,0.785873283,lanczos,0,0,0
tuning,spectrum_tune7,2,512,4736,867,large,unsplit,tune_add,add,0.25,2,1,17,restarted,80,1e-07,311,0.378412457461,3.39723731858,8.97760433515,2.06159664685e-09,6.86441164791e-13,1,0.932416049,lanczos,0,0,0
tuning,spectrum_tune7,2,512,4736,867,large,unsplit,tune_add,add,0.25,3,1,17,restarted,80,1e-07,387,0.383927257292,4.79126586547,12.4796189238,1.17501963072e-11,2.14900589335e-13,1,1.257536228,lanczos,0,0,0
tuning,spectrum_tune7,2,512,4736,867,large,unsplit,tune_add,add,0.33,0.5,1,17,restarted,80,1e-07,313,0.288507728962,1.94378623961,6.73738012705,6.00274766839e-12,1.60610680169e-09,1,0.945907525,lanczos,0,0,0
tuning,spectrum_tune7,2,512,4736,867,large,unsplit,tune_add,add,0.33,1,1,17,restarted,80,1e-07,235,0.447003281996,2.26757799292,5.07284416973,4.67729036258e-11,3.20939780233e-12,1,0.770455821,lanczos,0,0,0
tuning,spectrum_tune7,2,512,4736,867,large,unsplit,tune_add,add,0.33,2,1,17,restarted,80,1e-07,158,0.491932268483,3.60781016249,7.33395711896,9.20300096663e-08,3.22724649983e-13,1,0.486390831,lanczos,0,0,0
tuning,spectrum_tune7,2,512,4736,867,large,unsplit,tune_add,add,0.33,3,1,17,restarted,80,1e-07,311,0.502182663264,4.9819036736,9.92050112048,1.01465751683e-08,4.05843906326e-13,1,0.991479763,lanczos,0,0,0
tuning,spectrum_tune7,2,512,4736,867,large,unsplit,tune_add,add,0.5,0.5,1,17,restarted,80,1e-07,313,0.315939300285,2.42994993004,7.69119235196,2.51835758958e-11,3.69884141505e-10,1,1.015336325,lanczos,0,0,0
tuning,spectrum_tune7,2,512,4736,867,large,unsplit,tune_add,add,0.5,1,1,17,restarted,80,1e-07,158,0.540134607396,2.7623620178,5.1142103838,2.63022944073e-10,5.92018626033e-13,1,0.475145563,lanczos,0,0,0
tuning,spectrum_tune7,2,512,4736,867,large,unsplit,tune_add,add,0.5,2,1,17,restarted,80,1e-07,234,0.716202437695,4.0781106454,5.69407534904,3.52973264298e-12,4.5369210933e-13,1,0.757470646,lanczos,0,0,0
tuning,spectrum_tune7,2,512,4736,867,large,unsplit,tune_add,add,0.5,3,1,17,restarted,80,1e-07,235,0.744843448812,5.42494881101,7.28334097542,2.22558124862e-12,7.22286386661e-13,1,0.737432631,lanczos,0,0,0
tuning,spectrum_tune7,2,512,4736,867,large,unsplit,tune_add,add,0.75,0.5,1,17,restarted,80,1e-07,236,0.347663794479,3.14490998143,9.04583690154,7.31840845043e-12,6.0328811983e-08,1,0.720582261,lanczos,0,0,0
tuning,spectrum_tune7,2,512,4736,867,large,unsplit,tune_add,add,0.75,1,1,17,restarted,80,1e-07,158,0.593095065403,3.50011869806,5.90144633168,1.47605503382e-11,8.45716800934e-13,1,0.525623779,lanczos,0,0,0
tuning,spectrum_tune7,2,512,4736,867,large,unsplit,tune_add,add,0.75,2,1,17,restarted,80,1e-07,234,0.969198936462,4.7947459508,4.94712258796,2.71395870342e-12,1.69262296681e-12,1,0.710465379,lanczos,0,0,0
tuning,spectrum_tune7,2,512,4736,867,large,unsplit,tune_add,add,0.75,3,1,17,restarted,80,1e-07,614,1.0154477234,6.11700800166,6.02395166259,7.28827842875e-08,3.4394488432e-13,1,1.973612699,lanczos,0,0,0
tuning,spectrum_tune7,2,512,4736,867,large,unsplit,tune_add,add,1,0.5,1,17,restarted,80,1e-07,236,0.374318761087,3.85987862662,10.3117423647,1.01780907533e-11,3.27091630766e-08,1,0.753602796,lanczos,0,0,0
tuning,spectrum_tune7,2,512,4736,867,large,unsplit,tune_add,add,1,1,1,17,restarted,80,1e-07,158,0.631480211683,4.24281665431,6.71884340286,1.42227802023e-11,9.65541133083e-13,1,0.5040442,lanczos,0,0,0
tuning,spectrum_tune7,2,512,4736,867,large,unsplit,tune_add,add,1,2,1,17,restarted,80,1e-07,690,1.01508719325,5.5243265292,5.44221872359,8.62497450931e-08,7.32820873718e-13,1,2.149542591,lanczos,0,0,0
tuning,spectrum_tune7,2,512,4736,867,large,unsplit,tune_add,add,1,3,1,17,restarted,80,1e-07,690,1.01844502941,6.83068574562,6.70697538736,1.69252521765e-08,6.16741723051e-13,1,2.169323924,lanczos,0,0,0
tuning,spectrum_tune7,2,512,4736,867,large,unsplit,tune_add,add,1.5,0.5,1,17,restarted,80,1e-07,236,0.418870348938,5.28984314888,12.6288317191,7.99080716862e-12,1.67859116917e-08,1,0.745053998,lanczos,0,0,0
tuning,spectrum_tune7,2,512,4736,867,large,unsplit,tune_add,add,1.5,1,1,17,restarted,80,1e-07,158,0.694354056897,5.73415445022,8.25825728713,1.06935779447e-10,4.32834781736e-13,1,0.513570302,lanczos,0,0,0
tuning,spectrum_tune7,2,512,4736,867,large,unsplit,tune_add,add,1.5,2,1,17,restarted,80,1e-07,690,1.01872499915,6.99985995704,6.87119680274,2.68140725922e-08,1.10326534164e-12,1,2.139770718,lanczos,0,0,0
tuning,spectrum_tune7,2,512,4736,867,large,unsplit,tune_add,add,1.5,3,1,17,restarted,80,1e-07,690,1.02302614339,8.28636732113,8.09985881068,6.30938568714e-08,8.17689878453e-13,1,2.194134198,lanczos,0,0,0
tuning,spectrum_tune7,2,512,4736,867,large,unsplit,tune_add,add,2,0.5,1,17,restarted,80,1e-07,236,0.456867099964,6.71986136225,14.7085692158,7.45444718568e-12,1.29295560056e-08,1,0.790724911,lanczos,0,0,0
tuning,spectrum_tune7,2,512,4736,867,large,unsplit,tune_add,add,2,1,1,17,restarted,80,1e-07,159,0.74695465446,7.2289322797,9.67787299609,2.9025640902e-11,4.4044666333e-13,1,0.496334528,lanczos,0,0,0
tuning,spectrum_tune7,2,512,4736,867,large,unsplit,tune_add,add,2,2,1,17,restarted,80,1e-07,843,1.02190138357,8.48525340996,8.30339751603,7.0413259344e-08,4.3009672274e-13,1,2.738622899,lanczos,0,0,0
tuning,spectrum_tune7,2,512,4736,867,large,unsplit,tune_add,add,2,3,1,17,restarted,80,1e-07,690,1.02668127683,9.75958890658,9.50595781461,4.1034457564e-08,3.60568563729e-13,1,2.211888575,lanczos,0,0,0
tuning,spectrum_tune7,2,512,4736,867,large,unsplit,tune_mult,SHCHS,0.2,0.5,1,17,restarted,80,1e-07,81,0.435138812992,1,2.29811722177,8.6785931634e-08,0,1,0.402480598,projector_identity,0,0,0
tuning,spectrum_tune7,2,512,4736,867,large,unsplit,tune_mult,SHCHS,0.2,1,1,17,restarted,80,1e-07,81,0.505197404554,1,1.97942426265,1.44961347649e-10,0,1,0.341935733,projector_identity,0,0,0
tuning,spectrum_tune7,2,512,4736,867,large,unsplit,tune_mult,SHCHS,0.33,0.5,1,17,restarted,80,1e-07,81,0.480729817791,1,2.08017053029,1.52155170189e-12,0,1,0.33587174,projector_identity,0,0,0
tuning,spectrum_tune7,2,512,4736,867,large,unsplit,tune_mult,SHCHS,0.33,1,1,17,restarted,80,1e-07,81,0.67467788957,1,1.48218878291,4.51877107119e-12,0,1,0.391289389,projector_identity,0,0,0
tuning,spectrum_tune7,2,512,4736,867,large,unsplit,tune_mult,SHCHS,0.4,0.5,1,17,restarted,80,1e-07,81,0.493418869738,1,2.02667563268,1.16237197128e-12,0,1,0.388970948,projector_identity,0,0,0
tuning,spectrum_tune7,2,512,4736,867,large,unsplit,tune_mult,SHCHS,0.4,1,1,17,restarted,80,1e-07,81,0.701550943104,1,1.42541323596,1.85035169325e-12,0,1,0.368643879,projector_identity,0,0,0
tuning,spectrum_tune7,2,512,4736,867,large,unsplit,tune_mult,SHCHS,0.5,0.5,1,17,restarted,80,1e-07,81,0.502925041425,1,1.98836788315,2.05002207026e-12,0,1,0.362199423,projector_identity,0,0,0
tuning,spectrum_tune7,2,512,4736,867,large,unsplit,tune_mult,SHCHS,0.5,1,1,17,restarted,80,1e-07,81,0.649190361582,1,1.54038023233,7.70109025666e-12,0,1,0.35826688,projector_identity,0,0,0
tuning,spectrum_tune7,2,512,4736,867,large,unsplit,tune_mult,SHCHS,0.6,0.5,1,17,restarted,80,1e-07,161,0.348644736298,1,2.86824924024,1.1610946804e-10,0,1,0.736399963,projector_identity,0,0,0
tuning,spectrum_tune7,2,512,4736,867,large,unsplit,tune_mult,SHCHS,0.6,1,1,17,restarted,80,1e-07,161,0.352151479577,1,2.83968706081,7.06228883278e-10,0,1,0.694631306,projector_identity,0,0,0
tuning,spectrum_tune_small,2,512,4736,2403,small,split,tune_add,add,0.25,0.5,1,17,restarted,80,1e-07,309,0.110916974826,1.50034012662,13.526695341,1.04851102271e-10,8.4569005059e-12,1,1.116561352,lanczos,0,0,0
tuning,spectrum_tune_small,2,512,4736,2403,small,split,tune_add,add,0.25,1,1,17,restarted,80,1e-07,384,0.13389901833,2.00032669352,14.9390691468,1.4496886942e-09,1.76602038542e-12,1,1.429102158,lanczos,0,0,0
tuning,spectrum_tune_small,2,512,4736,2403,small,split,tune_add,add,0.25,2,1,17,restarted,80,1e-07,464,0.154590763489,3.10257168841,20.0695799567,1.44014494711e-08,2.48933174788e-13,1,1.70988692,lanczos,0,0,0
tuning,spectrum_tune_small,2,512,4736,2403,small,split,tune_add,add,0.25,3,1,17,restarted,80,1e-07,463,0.164370989765,4.56418743141,27.7675971771,7.91265709302e-09,2.82197445981e-13,1,1.687637544,lanczos,0,0,0
tuning,spectrum_tune_small,2,512,4736,2403,small,split,tune_add,add,0.33,0.5,1,17,restarted,80,1e-07,386,0.134084508404,1.50049049527,11.1906327817,1.39700397496e-08,3.39826522623e-12,1,1.493445612,lanczos,0,0,0
tuning,spectrum_tune_small,2,512,4736,2403,small,split,tune_add,add,0.33,1,1,17,restarted,80,1e-07,311,0.164723791745,2.00045246354,12.144283727,9.74509782049e-08,9.23985352083e-12,1,1.198523099,lanczos,0,0,0
tuning,spectrum_tune_small,2,512,4736,2403,small,split,tune_add,add,0.33,2,1,17,restarted,80,1e-07,387,0.193774092891,3.18206889771,16.4215393824,5.99614046676e-10,3.5627800808e-13,1,1.466461016,lanczos,0,0,0
tuning,spectrum_tune_small,2,512,4736,2403,small,split,tune_add,add,0.33,3,1,17,restarted,80,1e-07,387,0.20841632303,4.61626112698,22.1492302516,2.11297373298e-09,1.12933408745e-12,1,1.500174483,lanczos,0,0,0
tuning,spectrum_tune_small,2,512,4736,2403,small,split,tune_add,add,0.5,0.5,1,17,restarted,80,1e-07,466,0.174479849646,1.73943971568,9.969287108,3.58804111773e-08,8.31058110559e-13,1,1.622641074,lanczos,0,0,0
tuning,spectrum_tune_small,2,512,4736,2403,small,split,tune_add,add,0.5,1,1,17,restarted,80,1e-07,311,0.221831193658,2.20542122433,9.94188954205,6.17333439614e-10,4.03178769653e-13,1,1.022377463,lanczos,0,0,0
tuning,spectrum_tune_small,2,512,4736,2403,small,split,tune_add,add,0.5,2,1,17,restarted,80,1e-07,311,0.267794813764,3.42754943511,12.7991628625,2.43396235483e-08,4.65543133323e-13,1,1.101017645,lanczos,0,0,0
tuning,spectrum_tune_small,2,512,4736,2403,small,split,tune_add,add,0.5,3,1,17,restarted,80,1e-07,310,0.293001558551,4.77781491195,16.306448797,7.97824164469e-08,3.46071334388e-13,1,1.025228775,lanczos,0,0,0
tuning,spectrum_tune_small,2,512,4736,2403,small,split,tune_add,add,0.75,0.5,1,17,restarted,80,1e-07,235,0.216885181062,2.42816277392,11.1956140204,6.73046821472e-08,2.3628895436e-13,1,0.864920729,lanczos,0,0,0
tuning,spectrum_tune_small,2,512,4736,2403,small,split,tune_add,add,0.75,1,1,17,restarted,80,1e-07,466,0.291702775453,2.81491770129,9.64995172543,2.99898037644e-09,1.72222415599e-13,1,1.707579769,lanczos,0,0,0
tuning,spectrum_tune_small,2,512,4736,2403,small,split,tune_add,add,0.75,2,1,17,restarted,80,1e-07,310,0.361604146501,3.88257972233,10.7370995601,3.2600709054e-11,2.74364672785e-13,1,1.026422136,lanczos,0,0,0
tuning,spectrum_tune_small,2,512,4736,2403,small,split,tune_add,add,0.75,3,1,17,restarted,80,1e-07,311,0.401685227554,5.14112180456,12.7988819402,2.47990265443e-08,1.76331598104e-13,1,1.076429097,lanczos,0,0,0
tuning,spectrum_tune_small,2,512,4736,2403,small,split,tune_add,add,1,0.5,1,17,restarted,80,1e-07,236,0.24434023541,3.14102022982,12.8551084701,1.29503901644e-08,2.83975824326e-13,1,0.804196128,lanczos,0,0,0
tuning,spectrum_tune_small,2,512,4736,2403,small,split,tune_add,add,1,1,1,17,restarted,80,1e-07,466,0.348947955551,3.47873468571,9.96920781556,3.78863488082e-08,7.59773508292e-13,1,1.72678482,lanczos,0,0,0
tuning,spectrum_tune_small,2,512,4736,2403,small,split,tune_add,add,1,2,1,17,restarted,80,1e-07,311,0.443644788129,4.41067080728,9.94189704308,7.26447374039e-10,1.59437248626e-13,1,1.099835686,lanczos,0,0,0
tuning,spectrum_tune_small,2,512,4736,2403,small,split,tune_add,add,1,3,1,17,restarted,80,1e-07,311,0.497803803755,5.58256004973,11.2143780494,1.27249915809e-09,7.93727604034e-14,1,1.245398072,lanczos,0,0,0
tuning,spectrum_tune_small,2,512,4736,2403,small,split,tune_add,add,1.5,0.5,1,17,restarted,80,1e-07,236,0.274785185309,4.61302083594,16.7877348655,1.00629870796e-08,2.6473273077e-13,1,0.890111226,lanczos,0,0,0
tuning,spectrum_tune_small,2,512,4736,2403,small,split,tune_add,add,1.5,1,1,17,restarted,80,1e-07,235,0.433748216575,4.85622789234,11.195960483,5.60778506158e-08,1.73005297082e-13,1,0.863260342,lanczos,0,0,0
tuning,spectrum_tune_small,2,512,4736,2403,small,split,tune_add,add,1.5,2,1,17,restarted,80,1e-07,466,0.583351536539,5.62973816415,9.65067855576,2.99984982055e-09,1.43307624141e-13,1,1.860047207,lanczos,0,0,0
tuning,spectrum_tune_small,2,512,4736,2403,small,split,tune_add,add,1.5,3,1,17,restarted,80,1e-07,311,0.665405946033,6.61595120137,9.94272930805,1.16990283928e-09,1.0730286331e-13,1,1.312548565,lanczos,0,0,0
tuning,spectrum_tune_small,2,512,4736,2403,small,split,tune_add,add,2,0.5,1,17,restarted,80,1e-07,236,0.293775213208,6.09937248319,20.7620391679,3.65376563523e-09,1.4189712053e-13,1,1.017303048,lanczos,0,0,0
tuning,spectrum_tune_small,2,512,4736,2403,small,split,tune_add,add,2,1,1,17,restarted,80,1e-07,236,0.488650415141,6.281917551,12.8556476294,1.44853214373e-08,1.00608125773e-13,1,1.022299076,lanczos,0,0,0
tuning,spectrum_tune_small,2,512,4736,2403,small,split,tune_add,add,2,2,1,17,restarted,80,1e-07,466,0.697768166534,6.95739766274,9.9709301691,3.66721726774e-08,2.24311598303e-13,1,2.010666416,lanczos,0,0,0
tuning,spectrum_tune_small,2,512,4736,2403,small,split,tune_add,add,2,3,1,17,restarted,80,1e-07,466,0.809619517356,7.80707276009,9.6428910034,2.82775976123e-10,2.08417717631e-13,1,2.021329112,lanczos,0,0,0
tuning,spectrum_tune_small,2,512,4736,2403,small,split,tune_mult,SHCHS,0.2,0.5,1,17,restarted,80,1e-07,161,0.186802588645,1,5.3532448734,5.63598554648e-09,0,1,0.897628417,projector_identity,0,0,0
tuning,spectrum_tune_small,2,512,4736,2403,small,split,tune_mult,SHCHS,0.2,1,1,17,restarted,80,1e-07,161,0.226445726985,1,4.41606919819,1.47706703687e-11,0,1,0.991247747,projector_identity,0,0,0
tuning,spectrum_tune_small,2,512,4736,2403,small,split,tune_mult,SHCHS,0.33,0.5,1,17,restarted,80,1e-07,121,0.254905067508,1,3.92302910953,2.99817348048e-08,0,1,0.796578809,projector_identity,0,0,0
tuning,spectrum_tune_small,2,512,4736,2403,small,split,tune_mult,SHCHS,0.33,1,1,17,restarted,80,1e-07,121,0.314349651926,1,3.18117101093,4.912892851e-11,0,1,0.687097884,projector_identity,0,0,0
tuning,spectrum_tune_small,2,512,4736,2403,small,split,tune_mult,SHCHS,0.4,0.5,1,17,restarted,80,1e-07,121,0.283243097526,1,3.53053616747,1.01490694627e-09,0,1,0.630101973,projector_identity,0,0,0
tuning,spectrum_tune_small,2,512,4736,2403,small,split,tune_mult,SHCHS,0.4,1,1,17,restarted,80,1e-07,121,0.348580825684,1,2.86877511991,3.90000297376e-12,0,1,0.773540242,projector_identity,0,0,0
tuning,spectrum_tune_small,2,512,4736,2403,small,split,tune_mult,SHCHS,0.5,0.5,1,17,restarted,80,1e-07,121,0.315050340563,1,3.17409591817,2.43194839203e-11,0,1,0.781471059,projector_identity,0,0,0
tuning,spectrum_tune_small,2,512,4736,2403,small,split,tune_mult,SHCHS,0.5,1,1,17,restarted,80,1e-07,121,0.382626039101,1,2.61351789426,3.1982110861e-12,0,1,0.797641685,projector_identity,0,0,0
tuning,spectrum_tune_small,2,512,4736,2403,small,split,tune_mult,SHCHS,0.6,0.5,1,17,restarted,80,1e-07,121,0.335562752659,1,2.98006853286,1.90914171634e-12,0,1,0.733813387,projector_identity,0,0,0
tuning,spectrum_tune_small,2,512,4736,2403,small,split,tune_mult,SHCHS,0.6,1,1,17,restarted,80,1e-07,81,0.395347780369,1,2.52941852631,4.61269611768e-08,0,1,0.548615498,projector_identity,0,0,0
tuning,spectrum_tune_small,2,512,4736,867,small,unsplit,tune_add,add,0.25,0.5,1,17,restarted,80,1e-07,234,0.0852728748862,1.50033493669,17.5945157084,2.26902426128e-08,8.99737026964e-12,1,0.576001817,lanczos,0,0,0
tuning,spectrum_tune_small,2,512,4736,867,small,unsplit,tune_add,add,0.25,1,1,17,restarted,80,1e-07,384,0.0898509519183,2.00032232255,22.2626725688,5.78496334238e-09,6.76476335254e-12,1,1.067858378,lanczos,0,0,0
tuning,spectrum_tune_small,2,512,4736,867,small,unsplit,tune_add,add,0.25,2,1,17,restarted,80,1e-07,463,0.0921455096993,3.09762985853,33.616720648,3.87730917318e-08,7.90706759155e-13,1,1.254638588,lanczos,0,0,0
tuning,spectrum_tune_small,2,512,4736,867,small,unsplit,tune_add,add,0.25,3,1,17,restarted,80,1e-07,539,0.0929235736375,4.56178186709,49.0917609872,2.99856328372e-09,3.92826309882e-13,1,1.428294761,lanczos,0,0,0
tuning,spectrum_tune_small,2,512,4736,867,small,unsplit,tune_add,add,0.33,0.5,1,17,restarted,80,1e-07,309,0.108625726448,1.50047377532,13.8132450239,3.82335698324e-09,1.5934430199e-11,1,0.822282469,lanczos,0,0,0
tuning,spectrum_tune_small,2,512,4736,867,small,unsplit,tune_add,add,0.33,1,1,17,restarted,80,1e-07,461,0.116676574194,2.00044139185,17.1451845039,1.73964753361e-09,3.03385578037e-12,1,1.205714249,lanczos,0,0,0
tuning,spectrum_tune_small,2,512,4736,867,small,unsplit,tune_add,add,0.33,2,1,17,restarted,80,1e-07,387,0.120656156306,3.17019298332,26.2746061237,2.46960325721e-08,8.58394331557e-13,1,1.033662888,lanczos,0,0,0
tuning,spectrum_tune_small,2,512,4736,867,small,unsplit,tune_add,add,0.33,3,1,17,restarted,80,1e-07,463,0.121999526013,4.61110381877,37.7960797838,2.55670402991e-08,4.59580253708e-13,1,1.220425384,lanczos,0,0,0
tuning,spectrum_tune_small,2,512,4736,867,small,unsplit,tune_add,add,0.5,0.5,1,17,restarted,80,1e-07,311,0.151663609974,1.56039602664,10.2885328056,2.06845716975e-08,5.92027907632e-13,1,0.86661004,lanczos,0,0,0
tuning,spectrum_tune_small,2,512,4736,867,small,unsplit,tune_add,add,0.5,1,1,17,restarted,80,1e-07,158,0.170542827668,2.09823451469,12.3032703479,4.39544828584e-08,7.86213722448e-13,1,0.431366201,lanczos,0,0,0
tuning,spectrum_tune_small,2,512,4736,867,small,unsplit,tune_add,add,0.5,2,1,17,restarted,80,1e-07,387,0.179698731266,3.37972574799,18.8077329438,1.66296304044e-11,1.02755832441e-12,1,1.000394688,lanczos,0,0,0
tuning,spectrum_tune_small,2,512,4736,867,small,unsplit,tune_add,add,0.5,3,1,17,restarted,80,1e-07,387,0.182748744843,4.75909583161,26.0417429171,2.23045500494e-08,2.72483570247e-12,1,1.045597752,lanczos,0,0,0
tuning,spectrum_tune_small,2,512,4736,867,small,unsplit,tune_add,add,0.75,0.5,1,17,restarted,80,1e-07,390,0.199425234981,2.2418667403,11.2416402092,9.15968237025e-08,1.71014713881e-13,1,1.13583333,lanczos,0,0,0
tuning,spectrum_tune_small,2,512,4736,867,small,unsplit,tune_add,add,0.75,1,1,17,restarted,80,1e-07,311,0.241778266395,2.58069233809,10.673797842,1.25428375673e-08,2.3033588928e-13,1,0.995265128,lanczos,0,0,0
tuning,spectrum_tune_small,2,512,4736,867,small,unsplit,tune_add,add,0.75,2,1,17,restarted,80,1e-07,387,0.262698938109,3.76275079297,14.3234335854,1.43870973879e-11,5.70039896119e-13,1,1.169366567,lanczos,0,0,0
tuning,spectrum_tune_small,2,512,4736,867,small,unsplit,tune_add,add,0.75,3,1,17,restarted,80,1e-07,387,0.269542169417,5.06904714961,18.8061376836,1.59892039539e-11,3.8999221328e-13,1,1.185037515,lanczos,0,0,0
tuning,spectrum_tune_small,2,512,4736,867,small,unsplit,tune_add,add,1,0.5,1,17,restarted,80,1e-07,389,0.231909003262,2.98510290496,12.8718715659,3.57993486664e-10,5.50884663758e-13,1,1.152343933,lanczos,0,0,0
tuning,spectrum_tune_small,2,512,4736,867,small,unsplit,tune_add,add,1,1,1,17,restarted,80,1e-07,311,0.303314670709,3.12037583412,10.2875862444,2.01909563047e-08,1.7313150127e-13,1,0.944369047,lanczos,0,0,0
tuning,spectrum_tune_small,2,512,4736,867,small,unsplit,tune_add,add,1,2,1,17,restarted,80,1e-07,158,0.341069429365,4.19620912566,12.3030936354,4.15617805915e-08,1.61840626629e-13,1,0.464525897,lanczos,0,0,0
tuning,spectrum_tune_small,2,512,4736,867,small,unsplit,tune_add,add,1,3,1,17,restarted,80,1e-07,311,0.353300304246,5.44162756835,15.4022725227,4.96231307602e-08,1.52102827275e-13,1,0.940010306,lanczos,0,0,0
tuning,spectrum_tune_small,2,512,4736,867,small,unsplit,tune_add,add,1.5,0.5,1,17,restarted,80,1e-07,235,0.268066843274,4.47447374989,16.6916344269,1.09938745036e-08,2.23045595146e-13,1,0.710687325,lanczos,0,0,0
tuning,spectrum_tune_small,2,512,4736,867,small,unsplit,tune_add,add,1.5,1,1,17,restarted,80,1e-07,389,0.398825658248,4.4834250674,11.2415662701,2.7274553045e-10,1.26624783508e-13,1,1.140637298,lanczos,0,0,0
tuning,spectrum_tune_small,2,512,4736,867,small,unsplit,tune_add,add,1.5,2,1,17,restarted,80,1e-07,311,0.483509227466,5.16120053813,10.6744613028,1.25975463068e-08,3.14344274941e-13,1,0.970930939,lanczos,0,0,0
tuning,spectrum_tune_small,2,512,4736,867,small,unsplit,tune_add,add,1.5,3,1,17,restarted,80,1e-07,158,0.51156286253,6.29423358119,12.3039298632,3.98612042099e-08,1.00369491083e-13,1,0.467715124,lanczos,0,0,0
tuning,spectrum_tune_small,2,512,4736,867,small,unsplit,tune_add,add,2,0.5,1,17,restarted,80,1e-07,235,0.28880370768,5.96442454375,20.6521744186,5.97129999264e-09,2.0280639876e-13,1,0.716699262,lanczos,0,0,0
tuning,spectrum_tune_small,2,512,4736,867,small,unsplit,tune_add,add,2,1,1,17,restarted,80,1e-07,311,0.4637851991,5.96996524288,12.8722633979,4.27986412041e-08,8.43236110763e-14,1,0.950745146,lanczos,0,0,0
tuning,spectrum_tune_small,2,512,4736,867,small,unsplit,tune_add,add,2,2,1,17,restarted,80,1e-07,311,0.606521412007,6.2405745587,10.2891248935,2.01044541281e-08,9.02036199462e-14,1,0.950099124,lanczos,0,0,0
tuning,spectrum_tune_small,2,512,4736,867,small,unsplit,tune_add,add,2,3,1,17,restarted,80,1e-07,311,0.657151300193,7.24010154702,11.0174042795,3.28386303664e-08,3.20789217796e-14,1,0.938961727,lanczos,0,0,0
tuning,spectrum_tune_small,2,512,4736,867,small,unsplit,tune_mult,SHCHS,0.2,0.5,1,17,restarted,80,1e-07,161,0.136203057855,1,7.34197906969,4.43492220705e-08,0,1,0.668931853,projector_identity,0,0,0
tuning,spectrum_tune_small,2,512,4736,867,small,unsplit,tune_mult,SHCHS,0.2,1,1,17,restarted,80,1e-07,161,0.141705566795,1,7.05688578521,1.00662651706e-08,0,1,0.681971981,projector_identity,0,0,0
tuning,spectrum_tune_small,2,512,4736,867,small,unsplit,tune_mult,SHCHS,0.33,0.5,1,17,restarted,80,1e-07,81,0.208244500634,1,4.80204757848,2.62461421569e-08,0,1,0.335211371,projector_identity,0,0,0
tuning,spectrum_tune_small,2,512,4736,867,small,unsplit,tune_mult,SHCHS,0.33,1,1,17,restarted,80,1e-07,121,0.223134490698,1,4.48160209061,2.79334412409e-08,0,1,0.542131356,projector_identity,0,0,0
tuning,spectrum_tune_small,2,512,4736,867,small,unsplit,tune_mult,SHCHS,0.4,0.5,1,17,restarted,80,1e-07,121,0.241263893773,1,4.14483901574,1.68605858795e-08,0,1,0.524820231,projector_identity,0,0,0
tuning,spectrum_tune_small,2,512,4736,867,small,unsplit,tune_mult,SHCHS,0.4,1,1,17,restarted,80,1e-07,121,0.263029647063,1,3.80185279936,7.49741370044e-10,0,1,0.524034897,projector_identity,0,0,0
tuning,spectrum_tune_small,2,512,4736,867,small,unsplit,tune_mult,SHCHS,0.5,0.5,1,17,restarted,80,1e-07,121,0.281072563855,1,3.55780011498,3.42158487638e-10,0,1,0.473351735,projector_identity,0,0,0
tuning,spectrum_tune_small,2,512,4736,867,small,unsplit,tune_mult,SHCHS,0.5,1,1,17,restarted,80,1e-07,121,0.314130961983,1,3.18338566083,1.70608251748e-10,0,1,0.56727767,projector_identity,0,0,0
tuning,spectrum_tune_small,2,512,4736,867,small,unsplit,tune_mult,SHCHS,0.6,0.5,1,17,restarted,80,1e-07,121,0.311867627037,1,3.20648862949,9.95341378677e-12,0,1,0.534892949,projector_identity,0,0,0
tuning,spectrum_tune_small,2,512,4736,867,small,unsplit,tune_mult,SHCHS,0.6,1,1,17,restarted,80,1e-07,121,0.355174066802,1,2.81552087686,3.84850389743e-12,0,1,0.547437878,projector_identity,0,0,0
