method,tolerance,max_steps,refinement,elements,dofs,h1_dofs,patch,h1,config,composition,wS,wH,wC,seed,steps,lambda_min,lambda_max,kappa,res_min,res_max,converged,seconds,dense_min,dense_max,dense_imag
full,1e-07,400,0,32,320,75,large,unsplit,base,add,1,1,1,17,90,1.11497148631,4.22438735751,3.78878510292,8.83214022454e-08,6.79898674689e-14,1,0.014273744,1.11497148631,4.22438735751,0
full,1e-07,400,0,32,320,75,large,unsplit,s01,add,0.1,1,1,17,60,0.206299290536,2.0292128626,9.83625710649,7.19347100318e-09,2.11121697407e-13,1,0.004806552,0.206299290536,2.0292128626,0
full,1e-07,400,0,32,320,75,large,unsplit,s033,add,0.33,1,1,17,40,0.627432349392,2.27490297701,3.62573427911,4.5544968589e-08,9.90687022553e-10,1,0.002817589,0.627432349392,2.27490297701,0
full,1e-07,400,0,32,320,75,large,unsplit,s3,add,3,1,1,17,80,1.24995484903,10.1634271304,8.13103540367,9.49829462154e-08,1.03019493354e-09,1,0.007177734,1.24995484903,10.1634271304,0
full,1e-07,400,0,32,320,75,large,unsplit,s10,add,10,1,1,17,140,1.70608170857,31.0276482337,18.1864960382,2.20375329423e-12,8.12997093526e-09,1,0.022176459,1.70608170857,31.0276482337,0
full,1e-07,400,0,32,320,75,large,unsplit,h033,add,1,0.33,1,17,90,0.830541278966,3.86875247227,4.6581098017,2.84922254554e-13,4.25439056179e-08,1,0.009054347,0.830541278966,3.86875247227,0
full,1e-07,400,0,32,320,75,large,unsplit,h3,add,1,3,1,17,100,1.15787559278,6.8383365136,5.90593372572,3.93806895938e-08,5.4171173569e-14,1,0.011103533,1.15787559278,6.8383365136,0
full,1e-07,400,0,32,320,75,large,unsplit,c033,add,1,1,0.33,17,100,0.447143347654,4.22070583654,9.4392678739,1.62356368671e-08,3.87123161483e-14,1,0.010735443,0.447143347654,4.22070583654,0
full,1e-07,400,0,32,320,75,large,unsplit,c3,add,1,1,3,17,100,1.38879799366,5.86876435749,4.22578689218,2.88445749967e-13,2.18648499097e-08,1,0.010774145,1.38879799366,5.86876435749,0
full,1e-07,400,0,32,320,75,large,unsplit,balanced,add,0.33,1,1,17,40,0.627432349392,2.27490297701,3.62573427911,4.5544968589e-08,9.90687022553e-10,1,0.002664632,0.627432349392,2.27490297701,0
full,1e-07,400,0,32,320,75,large,unsplit,mult_SHCHS,SHCHS,0.33,1,1,17,80,0.825523848445,0.999999999992,1.21135204256,1.53735048584e-13,3.68319742713e-08,1,0.010244621,0.825523848445,1,3.16636501963e-14
full,1e-07,400,0,32,320,75,large,unsplit,mult_HSCSH,HSCSH,0.33,1,1,17,60,0.824209621152,1,1.21328358022,1.07947915696e-13,5.18981940879e-09,1,0.006954595,0.824209621152,1,5.60297014012e-14
full,1e-07,400,0,32,320,75,large,unsplit,mult_SCHCS,SCHCS,0.33,1,1,17,20,0.79970157378,1.15561910566,1.44506293791,1.40408977331e-12,1.02917795316e-13,1,0.002429971,0.79970157378,1.15561910566,3.77778161438e-14
full,1e-07,400,0,32,320,75,large,unsplit,mult_raw,SHCHS,1,1,1,17,210,-2.99999718082,1,,3.0675940993e-09,5.44076212433e-13,1,0.064081442,-2.99999718082,1,9.56808911204e-13
full,1e-07,400,0,32,320,75,small,unsplit,base,add,1,1,1,17,60,0.426633078671,3.13704967674,7.35303902482,7.47934122856e-10,4.81340743391e-10,1,0.004179846,0.426633078671,3.13704967674,0
full,1e-07,400,0,32,320,75,small,unsplit,s01,add,0.1,1,1,17,110,0.049227466523,2.00196695777,40.667682072,5.91376647969e-09,1.35059147805e-13,1,0.011985539,0.049227466523,2.00196695777,0
full,1e-07,400,0,32,320,75,small,unsplit,s033,add,0.33,1,1,17,70,0.155989149804,2.0071207837,12.8670538062,2.09521282043e-08,9.12593758971e-14,1,0.005251058,0.155989149804,2.0071207837,0
full,1e-07,400,0,32,320,75,small,unsplit,s3,add,3,1,1,17,110,0.944967334312,8.89659827939,9.41471515084,2.07157715318e-08,1.07128034899e-14,1,0.012259002,0.944967334312,8.89659827939,0
full,1e-07,400,0,32,320,75,small,unsplit,s10,add,10,1,1,17,260,1.02301572748,29.6309735109,28.9643381964,4.05156500643e-09,3.47974341122e-15,1,0.110238868,1.02301572748,29.6309735109,0
full,1e-07,400,0,32,320,75,small,unsplit,h033,add,1,0.33,1,17,70,0.323627995814,2.96789960316,9.17071341647,5.48152430981e-11,1.92484462256e-09,1,0.005238424,0.323627995814,2.96789960316,0
full,1e-07,400,0,32,320,75,small,unsplit,h3,add,1,3,1,17,70,0.471886917147,5.60575364971,11.8794428199,8.85162773173e-09,1.86563847533e-14,1,0.005248693,0.471886917147,5.60575364971,0
full,1e-07,400,0,32,320,75,small,unsplit,c033,add,1,1,0.33,17,250,0.331758682831,3.13571066465,9.4517817526,3.42782912593e-08,8.50435077303e-15,1,0.108896048,0.331758682831,3.13571066465,0
full,1e-07,400,0,32,320,75,small,unsplit,c3,add,1,1,3,17,60,0.427105255897,4.02475908477,9.42334244122,3.89723549461e-09,1.21473669181e-13,1,0.004393507,0.427105255897,4.02475908477,0
full,1e-07,400,0,32,320,75,small,unsplit,balanced,add,0.5,1,1,17,60,0.230188038477,2.14747984558,9.32924169209,3.33365007024e-08,1.16502666937e-13,1,0.004344766,0.230188038477,2.14747984558,0
full,1e-07,400,0,32,320,75,small,unsplit,mult_SHCHS,SHCHS,0.5,1,1,17,170,0.409341320939,1,2.44294907171,1.29189157826e-13,1.4800355087e-08,1,0.043927289,0.409341320939,1,3.88458868569e-13
full,1e-07,400,0,32,320,75,small,unsplit,mult_HSCSH,HSCSH,0.5,1,1,17,160,0.409393525178,0.999999999997,2.44263755652,6.61214174813e-14,7.30143073729e-08,1,0.037665836,0.409393525178,1.00000000001,1.55322304127e-13
full,1e-07,400,0,32,320,75,small,unsplit,mult_SCHCS,SCHCS,0.5,1,1,17,30,0.394801592379,1.27289187318,3.22413054495,2.34838104373e-08,1.29214370932e-13,1,0.003325362,0.394801592379,1.27289187318,4.34995794577e-13
full,1e-07,400,0,32,320,75,small,unsplit,mult_raw,SHCHS,1,1,1,17,190,-2.82642823794,1,,2.27102201682e-14,1.30263476969e-08,1,0.051441164,-2.82642823794,1,8.9687166258e-13
full,1e-07,400,0,32,320,171,large,split,base,add,1,1,1,17,100,1.11509968961,4.22438862546,3.7883506424,3.75313871073e-10,5.98838291349e-14,1,0.011578505,1.11509968961,4.22438862546,0
full,1e-07,400,0,32,320,171,large,split,s01,add,0.1,1,1,17,60,0.206300940116,2.02923267833,9.83627450845,1.23606981027e-08,1.96448208726e-13,1,0.004946445,0.206300940116,2.02923267833,0
full,1e-07,400,0,32,320,171,large,split,s033,add,0.33,1,1,17,40,0.627438281318,2.27490740104,3.62570705163,4.09546051148e-08,2.31500208837e-09,1,0.003079471,0.627438281318,2.27490740104,0
full,1e-07,400,0,32,320,171,large,split,s3,add,3,1,1,17,80,1.2499726688,10.1634284791,8.13092056553,3.08220066367e-08,1.42510922315e-09,1,0.008036917,1.2499726688,10.1634284791,0
full,1e-07,400,0,32,320,171,large,split,s10,add,10,1,1,17,140,1.70608721741,31.027650047,18.1864383781,1.92289787446e-12,2.27129935857e-08,1,0.023141801,1.70608721741,31.027650047,0
full,1e-07,400,0,32,320,171,large,split,h033,add,1,0.33,1,17,90,0.830557818286,3.86876551617,4.65803274738,2.95375498814e-13,3.33338923898e-08,1,0.009297753,0.830557818286,3.86876551617,0
full,1e-07,400,0,32,320,171,large,split,h3,add,1,3,1,17,110,1.15806531049,6.83833805597,5.90496752992,8.60150217683e-09,3.65342064527e-14,1,0.013660173,1.15806531049,6.83833805597,0
full,1e-07,400,0,32,320,171,large,split,c033,add,1,1,0.33,17,110,0.447158970605,4.22070602725,9.43893850892,5.88050648725e-10,4.56730539174e-14,1,0.013721167,0.447158970605,4.22070602725,0
full,1e-07,400,0,32,320,171,large,split,c3,add,1,1,3,17,100,1.38884138771,5.86879650786,4.22567800744,2.82846728626e-13,1.98271817915e-08,1,0.011295574,1.38884138771,5.86879650786,0
full,1e-07,400,0,32,320,171,large,split,balanced,add,0.33,1,1,17,40,0.627438281318,2.27490740104,3.62570705163,4.09546051148e-08,2.31500208837e-09,1,0.00294069,0.627438281318,2.27490740104,0
full,1e-07,400,0,32,320,171,large,split,mult_SHCHS,SHCHS,0.33,1,1,17,100,0.825535058247,0.999999999929,1.21133559373,1.1934621157e-13,5.42664980752e-08,1,0.014998254,0.825535058247,1,2.10195303276e-14
full,1e-07,400,0,32,320,171,large,split,mult_HSCSH,HSCSH,0.33,1,1,17,90,0.824220969888,0.999999999938,1.21326687438,1.27032026271e-13,6.38325514864e-08,1,0.012838651,0.824220969888,1,2.41562819629e-14
full,1e-07,400,0,32,320,171,large,split,mult_SCHCS,SCHCS,0.33,1,1,17,20,0.799704504107,1.15565427488,1.4451016206,1.50943263298e-12,1.05713945615e-13,1,0.0024933,0.799704504107,1.15565427488,3.93677006684e-14
full,1e-07,400,0,32,320,171,large,split,mult_raw,SHCHS,1,1,1,17,130,-2.98587987346,0.999999999994,,7.00685974415e-10,7.81732935169e-08,1,0.024456409,-2.98587987346,1,5.41305688505e-13
full,1e-07,400,0,32,320,171,small,split,base,add,1,1,1,17,80,0.498443011651,3.47249837335,6.96669085971,8.49345316847e-14,4.22544340363e-08,1,0.006868153,0.498443011651,3.47249837335,0
full,1e-07,400,0,32,320,171,small,split,s01,add,0.1,1,1,17,100,0.0789938846635,2.00197386986,25.3434032063,3.95845647822e-09,9.26743396083e-14,1,0.01033469,0.0789938846635,2.00197386986,0
full,1e-07,400,0,32,320,171,small,split,s033,add,0.33,1,1,17,60,0.214798708451,2.007313215,9.3450897795,9.11645879084e-08,5.22577414335e-13,1,0.004367649,0.214798708451,2.007313215,0
full,1e-07,400,0,32,320,171,small,split,s3,add,3,1,1,17,140,0.977828448337,9.17920143791,9.3873331805,9.44505044941e-08,9.81939976803e-15,1,0.021630394,0.977828448337,9.17920143791,0
full,1e-07,400,0,32,320,171,small,split,s10,add,10,1,1,17,260,1.02342336857,29.8952871162,29.2110655613,3.74826376722e-09,4.95166294494e-15,1,0.11228526,1.02342336857,29.8952871162,0
full,1e-07,400,0,32,320,171,small,split,h033,add,1,0.33,1,17,80,0.342020927734,3.06041393848,8.94803121772,1.73256362997e-13,4.18724312774e-08,1,0.006981265,0.342020927734,3.06041393848,0
full,1e-07,400,0,32,320,171,small,split,h3,add,1,3,1,17,60,0.648416228454,5.70670885885,8.80099634839,6.98508917171e-08,1.40461635653e-14,1,0.004589986,0.648416228454,5.70670885885,0
full,1e-07,400,0,32,320,171,small,split,c033,add,1,1,0.33,17,260,0.332361220807,3.47184991909,10.44601386,4.87378967637e-08,1.12214526302e-14,1,0.115712102,0.332361220807,3.47184991909,0
full,1e-07,400,0,32,320,171,small,split,c3,add,1,1,3,17,60,0.499078586304,4.02590955808,8.06668462355,1.93038206577e-09,1.35581513296e-13,1,0.004529553,0.499078586304,4.02590955808,0
full,1e-07,400,0,32,320,171,small,split,balanced,add,0.5,1,1,17,60,0.297255192359,2.22854224824,7.49706752153,3.17356473504e-09,8.6276273093e-12,1,0.004488676,0.297255192359,2.22854224824,0
full,1e-07,400,0,32,320,171,small,split,mult_SHCHS,SHCHS,0.5,1,1,17,140,0.489510728669,0.999999999997,2.04285614478,6.66252277252e-14,8.48040599273e-08,1,0.026092942,0.489510728669,1,2.24265040669e-13
full,1e-07,400,0,32,320,171,small,split,mult_HSCSH,HSCSH,0.5,1,1,17,140,0.489598394294,1,2.04249035874,9.18646956562e-14,3.5952930596e-08,1,0.025939543,0.489598394294,1.00000000001,1.10619114509e-13
full,1e-07,400,0,32,320,171,small,split,mult_SCHCS,SCHCS,0.5,1,1,17,30,0.449794047946,1.29049824044,2.86908696621,1.5934882539e-09,1.105784858e-13,1,0.00324441,0.449794047946,1.29049824044,6.60128625641e-13
full,1e-07,400,0,32,320,171,small,split,mult_raw,SHCHS,1,1,1,17,190,-1.13969684899,1,,4.61263963928e-14,2.30644484864e-10,1,0.051968834,-1.13969684899,1,5.27067857395e-13
full,1e-07,400,1,128,1216,243,large,unsplit,base,add,1,1,1,17,60,0.861933131515,4.23772585798,4.91653668137,2.13762091156e-08,3.88221421114e-10,1,0.020430211,0,0,0
full,1e-07,400,1,128,1216,243,large,unsplit,s01,add,0.1,1,1,17,110,0.163991525439,2.01353443172,12.2782834438,3.54957467016e-09,2.69498638186e-12,1,0.045618454,0,0,0
full,1e-07,400,1,128,1216,243,large,unsplit,s033,add,0.33,1,1,17,70,0.480987783271,2.26607259627,4.711289299,3.99873349909e-10,2.01865556924e-13,1,0.024594849,0,0,0
full,1e-07,400,1,128,1216,243,large,unsplit,s3,add,3,1,1,17,200,1.06734900497,10.2089131201,9.5647375625,8.1665975059e-08,1.41921521243e-13,1,0.132026146,0,0,0
full,1e-07,400,1,128,1216,243,large,unsplit,s10,add,10,1,1,17,240,1.1550286981,31.1632010719,26.9804560901,1.09647572136e-08,1.24762793699e-13,1,0.196264203,0,0,0
full,1e-07,400,1,128,1216,243,large,unsplit,h033,add,1,0.33,1,17,150,0.456746118081,3.86106780082,8.45342225795,1.73905169854e-12,4.89191727451e-08,1,0.076520162,0,0,0
full,1e-07,400,1,128,1216,243,large,unsplit,h3,add,1,3,1,17,230,1.05179070276,6.82353876476,6.48754428698,1.67057774443e-08,1.12127539373e-13,1,0.176162138,0,0,0
full,1e-07,400,1,128,1216,243,large,unsplit,c033,add,1,1,0.33,17,240,0.36498963692,4.23680097918,11.60800349,7.65829968766e-08,1.12572395706e-13,1,0.195824898,0,0,0
full,1e-07,400,1,128,1216,243,large,unsplit,c3,add,1,1,3,17,180,0.864564226258,5.86117071045,6.77933522165,2.62604979793e-12,6.99311270348e-08,1,0.108580835,0,0,0
full,1e-07,400,1,128,1216,243,large,unsplit,balanced,add,0.33,1,1,17,70,0.480987783271,2.26607259627,4.711289299,3.99873349909e-10,2.01865556924e-13,1,0.025068047,0,0,0
full,1e-07,400,1,128,1216,243,large,unsplit,mult_SHCHS,SHCHS,0.33,1,1,17,200,0.711740860539,0.999999999941,1.40500574772,3.7669457744e-13,4.32636262989e-08,1,0.157914413,0,0,0
full,1e-07,400,1,128,1216,243,large,unsplit,mult_HSCSH,HSCSH,0.33,1,1,17,120,0.711717385828,0.999999999991,1.40505208936,3.17504479528e-13,8.20847782447e-08,1,0.071471705,0,0,0
full,1e-07,400,1,128,1216,243,large,unsplit,mult_SCHCS,SCHCS,0.33,1,1,17,40,0.620336875046,1.27409284776,2.05387249897,1.32150474854e-11,3.57875985602e-13,1,0.022363741,0,0,0
full,1e-07,400,1,128,1216,243,large,unsplit,mult_raw,SHCHS,1,1,1,17,400,-2.99999900967,1.00000000001,,2.65176536752e-06,3.4776192564e-12,0,0.772174558,0,0,0
full,1e-07,400,1,128,1216,243,small,unsplit,base,add,1,1,1,17,100,0.327909934005,3.1178664868,9.50830140678,1.8355824236e-08,3.40423669429e-12,1,0.036096319,0,0,0
full,1e-07,400,1,128,1216,243,small,unsplit,s01,add,0.1,1,1,17,200,0.040286079009,2.00049118093,49.6571329386,3.00423415186e-08,3.43453923975e-13,1,0.12134712,0,0,0
full,1e-07,400,1,128,1216,243,small,unsplit,s033,add,0.33,1,1,17,130,0.125930504289,2.00177264108,15.895851862,1.06876035142e-08,1.76436705656e-12,1,0.055163021,0,0,0
full,1e-07,400,1,128,1216,243,small,unsplit,s3,add,3,1,1,17,110,0.648850833629,8.93818915402,13.775414457,1.80658303586e-08,6.02523600432e-14,1,0.041936152,0,0,0
full,1e-07,400,1,128,1216,243,small,unsplit,s10,add,10,1,1,17,400,1.00040452098,29.7744785031,29.7624389721,2.00828480878e-07,1.133883927e-14,0,0.713280253,0,0,0
full,1e-07,400,1,128,1216,243,small,unsplit,h033,add,1,0.33,1,17,110,0.215534511314,2.97996671988,13.8259376733,3.80994994573e-08,3.19034789599e-14,1,0.04142916,0,0,0
full,1e-07,400,1,128,1216,243,small,unsplit,h3,add,1,3,1,17,130,0.381214373575,5.46314830204,14.3309084881,5.65501552437e-09,3.65212555628e-14,1,0.054323274,0,0,0
full,1e-07,400,1,128,1216,243,small,unsplit,c033,add,1,1,0.33,17,230,0.321723475343,3.11743706353,9.68980289734,3.25928362228e-08,3.32943341056e-14,1,0.164258863,0,0,0
full,1e-07,400,1,128,1216,243,small,unsplit,c3,add,1,1,3,17,100,0.327984056863,4.00612553896,12.2143910813,7.38032997558e-08,2.32081529956e-12,1,0.035259569,0,0,0
full,1e-07,400,1,128,1216,243,small,unsplit,balanced,add,0.5,1,1,17,110,0.183631368891,2.09892085412,11.4300779154,6.40504845811e-08,9.52348336368e-14,1,0.04121065,0,0,0
full,1e-07,400,1,128,1216,243,small,unsplit,mult_SHCHS,SHCHS,0.5,1,1,17,400,0.336190259118,0.999999991465,2.9745061445,4.20351445248e-13,2.8095755534e-06,0,0.773543748,0,0,0
full,1e-07,400,1,128,1216,243,small,unsplit,mult_HSCSH,HSCSH,0.5,1,1,17,400,0.336197381884,0.999999999902,2.97444315092,4.35984486046e-13,4.34258603271e-07,0,0.770918671,0,0,0
full,1e-07,400,1,128,1216,243,small,unsplit,mult_SCHCS,SCHCS,0.5,1,1,17,60,0.313629724335,1.36124606841,4.34029673462,3.25507177635e-09,3.11836956196e-13,1,0.031448084,0,0,0
full,1e-07,400,1,128,1216,243,small,unsplit,mult_raw,SHCHS,1,1,1,17,400,-2.88784566884,0.999999417322,,9.75719853191e-14,5.57692760651e-05,0,0.768298923,0,0,0
full,1e-07,400,1,128,1216,627,large,split,base,add,1,1,1,17,60,0.861935790866,4.23772593191,4.91652159804,2.16601022049e-08,4.29150920617e-10,1,0.021632759,0,0,0
full,1e-07,400,1,128,1216,627,large,split,s01,add,0.1,1,1,17,110,0.163991546131,2.01354029473,12.2783176464,4.23941053094e-09,4.12149767705e-12,1,0.048191434,0,0,0
full,1e-07,400,1,128,1216,627,large,split,s033,add,0.33,1,1,17,70,0.480988069531,2.26607278484,4.71128688712,4.24050752453e-10,4.21001247034e-13,1,0.025792166,0,0,0
full,1e-07,400,1,128,1216,627,large,split,s3,add,3,1,1,17,200,1.06735185013,10.2089131913,9.56471213316,8.21540753775e-08,1.29272468661e-13,1,0.134809902,0,0,0
full,1e-07,400,1,128,1216,627,large,split,s10,add,10,1,1,17,240,1.15503010549,31.1632011519,26.980423284,1.10112932044e-08,1.28993116609e-13,1,0.202279995,0,0,0
full,1e-07,400,1,128,1216,627,large,split,h033,add,1,0.33,1,17,140,0.456749849828,3.86107098368,8.45336016014,1.82455953473e-12,9.95706844253e-08,1,0.0718313,0,0,0
full,1e-07,400,1,128,1216,627,large,split,h3,add,1,3,1,17,230,1.05184216366,6.82353886586,6.48722698289,3.34251464162e-08,1.09498307238e-13,1,0.180625146,0,0,0
full,1e-07,400,1,128,1216,627,large,split,c033,add,1,1,0.33,17,240,0.364991670576,4.2368009932,11.6079388511,8.62842875403e-08,1.13220097462e-13,1,0.19584179,0,0,0
full,1e-07,400,1,128,1216,627,large,split,c3,add,1,1,3,17,170,0.864566940997,5.86117848312,6.7793229248,1.54363991656e-12,8.37124153133e-08,1,0.10028882,0,0,0
full,1e-07,400,1,128,1216,627,large,split,balanced,add,0.33,1,1,17,70,0.480988069531,2.26607278484,4.71128688712,4.24050752453e-10,4.21001247034e-13,1,0.026887953,0,0,0
full,1e-07,400,1,128,1216,627,large,split,mult_SHCHS,SHCHS,0.33,1,1,17,210,0.711741079398,0.99999999979,1.40500531547,2.56432543613e-13,7.76578362667e-08,1,0.181928101,0,0,0
full,1e-07,400,1,128,1216,627,large,split,mult_HSCSH,HSCSH,0.33,1,1,17,170,0.71171761254,0.999999999927,1.4050516417,2.20828309041e-13,9.59487957713e-08,1,0.129109772,0,0,0
full,1e-07,400,1,128,1216,627,large,split,mult_SCHCS,SCHCS,0.33,1,1,17,40,0.620337312977,1.27410634106,2.05389280059,1.28946019401e-11,3.31751008276e-13,1,0.023362947,0,0,0
full,1e-07,400,1,128,1216,627,large,split,mult_raw,SHCHS,1,1,1,17,400,-2.99643315033,0.999999989811,,1.02558109029e-06,2.71905860565e-05,0,0.812449782,0,0,0
full,1e-07,400,1,128,1216,627,small,split,base,add,1,1,1,17,100,0.379055422562,3.47717617511,9.17326588183,3.56330288967e-09,7.88286257638e-08,1,0.038219194,0,0,0
full,1e-07,400,1,128,1216,627,small,split,s01,add,0.1,1,1,17,190,0.0682374012755,2.00049284454,29.3166622285,6.74100384982e-08,5.8568324295e-13,1,0.116252206,0,0,0
full,1e-07,400,1,128,1216,627,small,split,s033,add,0.33,1,1,17,120,0.176440254152,2.00181829926,11.3455872578,8.80683674622e-09,6.19181451979e-13,1,0.051259824,0,0,0
full,1e-07,400,1,128,1216,627,small,split,s3,add,3,1,1,17,110,0.676298281446,9.21612222198,13.6273039202,1.07813626883e-08,8.55134227118e-10,1,0.043456145,0,0,0
full,1e-07,400,1,128,1216,627,small,split,s10,add,10,1,1,17,400,1.0025005432,30.0378888713,29.9629651824,3.38701790033e-07,1.16883920624e-14,0,0.731294389,0,0,0
full,1e-07,400,1,128,1216,627,small,split,h033,add,1,0.33,1,17,110,0.224645147791,3.07143028047,13.6723642183,1.25056721466e-08,8.90138290576e-10,1,0.044402912,0,0,0
full,1e-07,400,1,128,1216,627,small,split,h3,add,1,3,1,17,120,0.533117445378,5.58523029445,10.4765476029,5.7534374257e-09,1.87637367652e-13,1,0.050153728,0,0,0
full,1e-07,400,1,128,1216,627,small,split,c033,add,1,1,0.33,17,400,0.330469757187,3.4769983178,10.5213812828,0.000372250431823,5.21636497894e-14,0,0.739852824,0,0,0
full,1e-07,400,1,128,1216,627,small,split,c3,add,1,1,3,17,100,0.379135279278,4.00639137671,10.5671816781,7.29483711949e-09,8.21249717002e-13,1,0.038426062,0,0,0
full,1e-07,400,1,128,1216,627,small,split,balanced,add,0.5,1,1,17,100,0.238216469249,2.20444140596,9.25394206752,2.02893419832e-08,1.77065423968e-13,1,0.037943336,0,0,0
full,1e-07,400,1,128,1216,627,small,split,mult_SHCHS,SHCHS,0.5,1,1,17,400,0.407544637218,0.999999998428,2.45371894783,2.63010393512e-13,1.40984902883e-06,0,0.801925476,0,0,0
full,1e-07,400,1,128,1216,627,small,split,mult_HSCSH,HSCSH,0.5,1,1,17,390,0.407544127358,0.999999999995,2.45372202141,5.46607580056e-13,8.27981751712e-08,1,0.733221627,0,0,0
full,1e-07,400,1,128,1216,627,small,split,mult_SCHCS,SCHCS,0.5,1,1,17,60,0.358471359008,1.36972944274,3.8210289562,5.25546376821e-11,3.6284244486e-13,1,0.032638739,0,0,0
full,1e-07,400,1,128,1216,627,small,split,mult_raw,SHCHS,1,1,1,17,400,-1.17401268925,0.999999855049,,1.8825876205e-13,1.61923088643e-05,0,0.812740617,0,0,0
full,1e-07,400,2,512,4736,867,large,unsplit,base,add,1,1,1,17,100,0.631480211683,4.24281665431,6.71884340286,1.02588903313e-08,1.05354763271e-12,1,0.203804847,0,0,0
full,1e-07,400,2,512,4736,867,large,unsplit,s01,add,0.1,1,1,17,190,0.152707741392,2.00648176277,13.139358519,3.22154677651e-08,1.02476832713e-11,1,0.543237463,0,0,0
full,1e-07,400,2,512,4736,867,large,unsplit,s033,add,0.33,1,1,17,130,0.447003281996,2.26757799292,5.07284416972,7.13813303942e-08,4.6858174949e-12,1,0.31937876,0,0,0
full,1e-07,400,2,512,4736,867,large,unsplit,s3,add,3,1,1,17,110,0.834345408877,10.2224749755,12.2520899219,2.56988021195e-08,2.64903527922e-09,1,0.246683819,0,0,0
full,1e-07,400,2,512,4736,867,large,unsplit,s10,add,10,1,1,17,400,1.0406028268,31.204097123,29.9865580984,0.00266332279965,4.05180191763e-13,0,2.144697617,0,0,0
full,1e-07,400,2,512,4736,867,large,unsplit,h033,add,1,0.33,1,17,220,0.277399968731,3.85985919594,13.9144182806,8.01131495838e-12,5.81018775933e-08,1,0.685021887,0,0,0
full,1e-07,400,2,512,4736,867,large,unsplit,h3,add,1,3,1,17,400,1.01844503218,6.83068574562,6.70697536909,1.40811648563e-05,3.47760304748e-13,0,2.089313611,0,0,0
full,1e-07,400,2,512,4736,867,large,unsplit,c033,add,1,1,0.33,17,400,0.341037885837,4.2425817271,12.4402065087,0.000312105076864,3.61442752913e-13,0,2.083470221,0,0,0
full,1e-07,400,2,512,4736,867,large,unsplit,c3,add,1,1,3,17,250,0.631954092529,5.85988699621,9.2726466455,7.91810854098e-12,5.5467922684e-08,1,0.867646546,0,0,0
full,1e-07,400,2,512,4736,867,large,unsplit,balanced,add,0.33,1,1,17,130,0.447003281996,2.26757799292,5.07284416972,7.13813303942e-08,4.6858174949e-12,1,0.317892751,0,0,0
full,1e-07,400,2,512,4736,867,large,unsplit,mult_SHCHS,SHCHS,0.33,1,1,17,400,0.67467788957,0.99999999498,1.48218877547,5.9325128257e-12,6.0404424991e-07,0,2.434541014,0,0,0
full,1e-07,400,2,512,4736,867,large,unsplit,mult_HSCSH,HSCSH,0.33,1,1,17,320,0.674672043302,0.999999999995,1.48220162659,8.67502364813e-12,8.80346017326e-08,1,1.651679224,0,0,0
full,1e-07,400,2,512,4736,867,large,unsplit,mult_SCHCS,SCHCS,0.33,1,1,17,60,0.533694402527,1.35656067512,2.54183043461,3.58618599587e-09,1.29172015699e-12,1,0.198355328,0,0,0
full,1e-07,400,2,512,4736,867,large,unsplit,mult_raw,SHCHS,1,1,1,17,400,-2.9999944337,0.999999326524,,6.03252365399e-05,6.96248151375e-05,0,2.438462275,0,0,0
full,1e-07,400,2,512,4736,867,small,unsplit,base,add,1,1,1,17,200,0.303314670709,3.12037583412,10.2875862444,2.066561178e-08,2.40357008261e-13,1,0.529764401,0,0,0
full,1e-07,400,2,512,4736,867,small,unsplit,s01,add,0.1,1,1,17,350,0.0370447429686,2.00012252488,53.9920745726,4.29990611891e-08,1.01935811594e-11,1,1.500197195,0,0,0
full,1e-07,400,2,512,4736,867,small,unsplit,s033,add,0.33,1,1,17,230,0.116676574194,2.00044139185,17.1451845039,5.85351291111e-08,2.43423439422e-12,1,0.681040493,0,0,0
full,1e-07,400,2,512,4736,867,small,unsplit,s3,add,3,1,1,17,190,0.536057568782,8.94875394015,16.693643484,7.75132087307e-08,1.01698761795e-13,1,0.486572543,0,0,0
full,1e-07,400,2,512,4736,867,small,unsplit,s10,add,10,1,1,17,220,0.730177789797,29.8108977104,40.8269028817,2.04078323335e-08,3.64406447481e-14,1,0.637266081,0,0,0
full,1e-07,400,2,512,4736,867,small,unsplit,h033,add,1,0.33,1,17,190,0.177431004677,2.98303664249,16.8123753113,8.96557649675e-08,1.61273430158e-13,1,0.475034183,0,0,0
full,1e-07,400,2,512,4736,867,small,unsplit,h3,add,1,3,1,17,230,0.353300304246,5.44162756835,15.4022725227,3.54963853085e-08,1.08072630865e-13,1,0.681340416,0,0,0
full,1e-07,400,2,512,4736,867,small,unsplit,c033,add,1,1,0.33,17,220,0.30280139637,3.12026442493,10.3046566573,1.61854188474e-08,1.33529690776e-13,1,0.62756478,0,0,0
full,1e-07,400,2,512,4736,867,small,unsplit,c3,add,1,1,3,17,200,0.303330464106,4.00151926378,13.1919465312,5.74442412161e-08,7.95266049791e-12,1,0.520516822,0,0,0
full,1e-07,400,2,512,4736,867,small,unsplit,balanced,add,0.5,1,1,17,130,0.170542827668,2.09823451469,12.3032703479,4.36664889371e-08,1.28475262965e-12,1,0.269738216,0,0,0
full,1e-07,400,2,512,4736,867,small,unsplit,mult_SHCHS,SHCHS,0.5,1,1,17,400,0.314130961983,0.999999693119,3.18338468391,1.94864726648e-12,1.59684659649e-05,0,2.225998903,0,0,0
full,1e-07,400,2,512,4736,867,small,unsplit,mult_HSCSH,HSCSH,0.5,1,1,17,400,0.314132377054,0.999999951546,3.1833711664,2.86957904088e-12,8.54973735194e-06,0,2.225211325,0,0,0
full,1e-07,400,2,512,4736,867,small,unsplit,mult_SCHCS,SCHCS,0.5,1,1,17,110,0.291326706554,1.40538424406,4.82408310823,7.73334051846e-08,1.1041549063e-12,1,0.343395133,0,0,0
full,1e-07,400,2,512,4736,867,small,unsplit,mult_raw,SHCHS,1,1,1,17,400,-2.90355781191,0.999996140409,,1.09631902634e-12,0.000152517353694,0,2.238237958,0,0,0
full,1e-07,400,2,512,4736,2403,large,split,base,add,1,1,1,17,100,0.631480574949,4.24281665887,6.718839545,1.41336730201e-08,6.15014396174e-13,1,0.23151774,0,0,0
full,1e-07,400,2,512,4736,2403,large,split,s01,add,0.1,1,1,17,190,0.152707741784,2.00648333317,13.1393687689,3.2222921162e-08,2.07257798209e-11,1,0.567103023,0,0,0
full,1e-07,400,2,512,4736,2403,large,split,s033,add,0.33,1,1,17,130,0.447003297429,2.26757800315,5.07284401745,3.64271810996e-08,4.08764166045e-12,1,0.340467768,0,0,0
full,1e-07,400,2,512,4736,2403,large,split,s3,add,3,1,1,17,110,0.834345990849,10.2224749798,12.252081381,2.75695387181e-08,2.86543302906e-09,1,0.263801783,0,0,0
full,1e-07,400,2,512,4736,2403,large,split,s10,add,10,1,1,17,400,1.04060533066,31.2040971277,29.9864859502,0.00275873307358,4.02336373648e-13,0,2.180699969,0,0,0
full,1e-07,400,2,512,4736,2403,large,split,h033,add,1,0.33,1,17,220,0.277400172252,3.85986001857,13.9144110374,8.92200161075e-12,6.96124136681e-08,1,0.759828022,0,0,0
full,1e-07,400,2,512,4736,2403,large,split,h3,add,1,3,1,17,400,1.0184575158,6.83068575219,6.70689316562,1.1791594473e-05,3.29050260072e-13,0,2.161174286,0,0,0
full,1e-07,400,2,512,4736,2403,large,split,c033,add,1,1,0.33,17,400,0.341038558554,4.24258172803,12.4401819724,0.000407836739631,3.44385644667e-13,0,2.162155658,0,0,0
full,1e-07,400,2,512,4736,2403,large,split,c3,add,1,1,3,17,250,0.631954456671,5.85988899885,9.27264447144,1.77275193825e-11,7.30776280782e-08,1,0.906910101,0,0,0
full,1e-07,400,2,512,4736,2403,large,split,balanced,add,0.33,1,1,17,130,0.447003297429,2.26757800315,5.07284401745,3.64271810996e-08,4.08764166045e-12,1,0.314400375,0,0,0
full,1e-07,400,2,512,4736,2403,large,split,mult_SHCHS,SHCHS,0.33,1,1,17,400,0.674677900183,0.999999992655,1.48218874871,4.5553904008e-12,7.31295335643e-07,0,2.549152059,0,0,0
full,1e-07,400,2,512,4736,2403,large,split,mult_HSCSH,HSCSH,0.33,1,1,17,400,0.674672053605,0.999999999738,1.48220160357,8.93133557891e-13,2.75497486386e-07,0,2.565766146,0,0,0
full,1e-07,400,2,512,4736,2403,large,split,mult_SCHCS,SCHCS,0.33,1,1,17,60,0.533694489901,1.35656448682,2.54183716058,3.51967579403e-09,1.01791851714e-12,1,0.209051967,0,0,0
full,1e-07,400,2,512,4736,2403,large,split,mult_raw,SHCHS,1,1,1,17,400,-2.99909386607,0.999999616557,,0.000181284284559,5.59380561855e-05,0,2.616795177,0,0,0
full,1e-07,400,2,512,4736,2403,small,split,base,add,1,1,1,17,190,0.348947955551,3.47873468571,9.96920781556,7.91860193962e-08,3.705736428e-13,1,0.554403954,0,0,0
full,1e-07,400,2,512,4736,2403,small,split,s01,add,0.1,1,1,17,310,0.0640902264748,2.00012293185,31.2079242323,4.19296877704e-08,1.26309788958e-11,1,1.223874819,0,0,0
full,1e-07,400,2,512,4736,2403,small,split,s033,add,0.33,1,1,17,220,0.164723791436,2.00045246354,12.1442837498,3.42985287935e-08,7.86627274702e-12,1,0.664653171,0,0,0
full,1e-07,400,2,512,4736,2403,small,split,s3,add,3,1,1,17,190,0.549481196562,9.22588675806,16.7901773815,1.66560743242e-08,9.20131062419e-14,1,0.505130059,0,0,0
full,1e-07,400,2,512,4736,2403,small,split,s10,add,10,1,1,17,220,0.736195190558,30.0741598734,40.8507964451,3.00261947841e-08,4.28860969133e-14,1,0.663071703,0,0,0
full,1e-07,400,2,512,4736,2403,small,split,h033,add,1,0.33,1,17,190,0.181806118866,3.07433684518,16.9099745616,1.05074171134e-08,2.53859630404e-13,1,0.523363756,0,0,0
full,1e-07,400,2,512,4736,2403,small,split,h3,add,1,3,1,17,220,0.497803803755,5.58256004973,11.2143780494,4.11185183455e-08,1.81110370787e-13,1,0.659878579,0,0,0
full,1e-07,400,2,512,4736,2403,small,split,c033,add,1,1,0.33,17,400,0.329899596762,3.47868923989,10.5446907909,0.000308299246696,3.36374896887e-13,0,2.099171436,0,0,0
full,1e-07,400,2,512,4736,2403,small,split,c3,add,1,1,3,17,200,0.348962585787,4.00158228414,11.4670811345,1.68145181183e-08,1.12119220951e-11,1,0.567262092,0,0,0
full,1e-07,400,2,512,4736,2403,small,split,balanced,add,0.5,1,1,17,180,0.221831193658,2.20542122433,9.94188954205,7.86584706743e-08,4.74514377955e-13,1,0.475131265,0,0,0
full,1e-07,400,2,512,4736,2403,small,split,mult_SHCHS,SHCHS,0.5,1,1,17,400,0.382626039101,0.999999748085,2.61351723587,1.70823997624e-12,1.34748708765e-05,0,2.344359076,0,0,0
full,1e-07,400,2,512,4736,2403,small,split,mult_HSCSH,HSCSH,0.5,1,1,17,400,0.382624328325,0.999999971573,2.61352950543,8.8835275881e-13,6.12736521539e-06,0,2.350048827,0,0,0
full,1e-07,400,2,512,4736,2403,small,split,mult_SCHCS,SCHCS,0.5,1,1,17,110,0.33285378226,1.40956877189,4.23479872249,5.11645844373e-09,1.29267840385e-12,1,0.382241715,0,0,0
full,1e-07,400,2,512,4736,2403,small,split,mult_raw,SHCHS,1,1,1,17,400,-1.18277807436,0.999997953397,,7.85028411221e-13,6.57357173214e-05,0,2.355073849,0,0,0
