dataset,tolerance,refinement,elements,dofs,smoother,damping,airy_damping,steps,iterations,residual,converged,setup_s,solve_s
triangle,1e-8,0,1,15,macro,0.33,0,1,1,7.81566732e-14,1,6.533e-06,1.1793e-05
triangle,1e-8,0,1,15,macro-vertex,0.33,0,1,1,7.81566732e-14,1,3.1e-07,3.376e-06
triangle,1e-8,0,1,15,split-patches,0.33,0,1,1,7.81566732e-14,1,2e-07,2.815e-06
triangle,1e-8,0,1,15,split,0.33,0.05,1,1,7.81566732e-14,1,1.9e-07,2.746e-06
triangle,1e-8,1,4,48,macro,0.33,0,1,13,4.59145121e-09,1,2.4365e-05,9.7313e-05
triangle,1e-8,1,4,48,macro-vertex,0.33,0,1,13,4.59095843e-09,1,1.4027e-05,0.000101641
triangle,1e-8,1,4,48,split-patches,0.33,0,1,41,5.4593597e-09,1,5.48e-06,0.000220975
triangle,1e-8,1,4,48,split,0.33,0.05,1,37,2.29470967e-09,1,0.000235042,0.000247986
triangle,1e-8,2,16,168,macro,0.33,0,1,20,6.21216118e-09,1,7.958e-05,0.000544023
triangle,1e-8,2,16,168,macro-vertex,0.33,0,1,20,6.21119355e-09,1,6.913e-05,0.000592333
triangle,1e-8,2,16,168,split-patches,0.33,0,1,141,8.18994341e-09,1,1.7653e-05,0.002698683
triangle,1e-8,2,16,168,split,0.33,0.05,1,83,9.49966249e-09,1,0.000956588,0.002125246
triangle,1e-8,3,64,624,macro,0.33,0,1,27,6.79670312e-09,1,0.000353404,0.002825953
triangle,1e-8,3,64,624,macro-vertex,0.33,0,1,27,6.80435875e-09,1,0.000349508,0.003638891
triangle,1e-8,3,64,624,split-patches,0.33,0,1,362,9.14206802e-09,1,9.8986e-05,0.027168926
triangle,1e-8,3,64,624,split,0.33,0.05,1,110,9.11331999e-09,1,0.00466533,0.010960124
triangle,1e-8,4,256,2400,macro,0.33,0,1,32,6.47418221e-09,1,0.002847813,0.013038462
triangle,1e-8,4,256,2400,macro-vertex,0.33,0,1,32,6.47051526e-09,1,0.00144698,0.014530366
triangle,1e-8,4,256,2400,split-patches,0.33,0,1,856,7.73606875e-09,1,0.000381788,0.243324192
triangle,1e-8,4,256,2400,split,0.33,0.05,1,134,8.39757562e-09,1,0.01626099,0.051950073
triangle,1e-8,5,1024,9408,macro,0.33,0,1,34,9.33627852e-09,1,0.009998426,0.082778337
triangle,1e-8,5,1024,9408,macro-vertex,0.33,0,1,34,9.2253277e-09,1,0.008878782,0.096852075
triangle,1e-8,5,1024,9408,split-patches,0.33,0,1,2000,2.12080489e-08,0,0.002269887,2.49573068
triangle,1e-8,5,1024,9408,split,0.33,0.05,1,152,9.48856116e-09,1,0.071602187,0.269278564
square,1e-8,0,32,320,macro,0.33,0,1,1,2.84434633e-12,1,6.472e-06,9.4477e-05
square,1e-8,0,32,320,macro-vertex,0.33,0,1,1,2.84434633e-12,1,3.81e-07,8.1854e-05
square,1e-8,0,32,320,split-patches,0.33,0,1,1,2.84434633e-12,1,2.4e-07,8.011e-05
square,1e-8,0,32,320,split,0.33,0.05,1,1,2.84434633e-12,1,2.8e-07,7.956e-05
square,1e-8,1,128,1216,macro,0.33,0,1,28,3.73740054e-09,1,0.000588406,0.005107953
square,1e-8,1,128,1216,macro-vertex,0.33,0,1,28,3.73743794e-09,1,0.000540205,0.005545235
square,1e-8,1,128,1216,split-patches,0.33,0,1,233,8.9533315e-09,1,9.025e-05,0.032262912
square,1e-8,1,128,1216,split,0.33,0.05,1,107,7.83941299e-09,1,0.005961197,0.018284093
square,1e-8,2,512,4736,macro,0.33,0,1,33,2.84332418e-09,1,0.003700617,0.026273803
square,1e-8,2,512,4736,macro-vertex,0.33,0,1,33,2.84806242e-09,1,0.002851881,0.029787418
square,1e-8,2,512,4736,split-patches,0.33,0,1,592,9.92383364e-09,1,0.000673126,0.324127105
square,1e-8,2,512,4736,split,0.33,0.05,1,136,7.94651978e-09,1,0.029670408,0.098853628
square,1e-8,3,2048,18688,macro,0.33,0,1,36,6.49750936e-09,1,0.019218079,0.181993335
square,1e-8,3,2048,18688,macro-vertex,0.33,0,1,36,6.37296349e-09,1,0.01691031,0.205868659
square,1e-8,3,2048,18688,split-patches,0.33,0,1,2000,2.10586573e-08,0,0.003443815,5.67801404
square,1e-8,3,2048,18688,split,0.33,0.05,1,159,9.47761124e-09,1,0.133566185,0.606294109
two_sweeps,1e-8,0,1,15,macro,0.33,0,2,1,7.81566732e-14,1,6.542e-06,1.6832e-05
two_sweeps,1e-8,0,1,15,macro-vertex,0.33,0,2,1,7.81566732e-14,1,3.01e-07,3.326e-06
two_sweeps,1e-8,0,1,15,split-patches,0.33,0,2,1,7.81566732e-14,1,1.91e-07,2.996e-06
two_sweeps,1e-8,0,1,15,split,0.33,0.05,2,1,7.81566732e-14,1,1.9e-07,2.705e-06
two_sweeps,1e-8,1,4,48,macro,0.33,0,2,9,4.17569889e-10,1,2.2713e-05,0.000113053
two_sweeps,1e-8,1,4,48,macro-vertex,0.33,0,2,9,4.17574071e-10,1,1.3495e-05,0.000121949
two_sweeps,1e-8,1,4,48,split-patches,0.33,0,2,34,5.97101291e-09,1,5.32e-06,0.000287811
two_sweeps,1e-8,1,4,48,split,0.33,0.05,2,29,1.64946388e-09,1,0.00022844,0.000332245
two_sweeps,1e-8,2,16,168,macro,0.33,0,2,13,7.84477739e-09,1,0.000107543,0.000637378
two_sweeps,1e-8,2,16,168,macro-vertex,0.33,0,2,13,7.84463956e-09,1,7.0212e-05,0.00070773
two_sweeps,1e-8,2,16,168,split-patches,0.33,0,2,104,3.6884139e-09,1,2.1811e-05,0.003424888
two_sweeps,1e-8,2,16,168,split,0.33,0.05,2,58,8.32777357e-09,1,0.00098943,0.002653288
two_sweeps,1e-8,3,64,624,macro,0.33,0,2,18,5.31510353e-09,1,0.000378171,0.00345201
two_sweeps,1e-8,3,64,624,macro-vertex,0.33,0,2,18,5.31475789e-09,1,0.000336944,0.003871648
two_sweeps,1e-8,3,64,624,split-patches,0.33,0,2,257,9.02689156e-09,1,7.2977e-05,0.032483316
two_sweeps,1e-8,3,64,624,split,0.33,0.05,2,77,5.7295479e-09,1,0.004011682,0.013765488
two_sweeps,1e-8,4,256,2400,macro,0.33,0,2,21,3.67393696e-09,1,0.002385955,0.016128671
two_sweeps,1e-8,4,256,2400,macro-vertex,0.33,0,2,21,3.68830555e-09,1,0.001448473,0.0176973
two_sweeps,1e-8,4,256,2400,split-patches,0.33,0,2,583,8.98522901e-09,1,0.000329059,0.28675548
two_sweeps,1e-8,4,256,2400,split,0.33,0.05,2,92,9.38378732e-09,1,0.016109344,0.06337497
two_sweeps,1e-8,5,1024,9408,macro,0.33,0,2,21,9.76385186e-09,1,0.009887097,0.077457975
two_sweeps,1e-8,5,1024,9408,macro-vertex,0.33,0,2,21,9.77113658e-09,1,0.009356851,0.090056109
two_sweeps,1e-8,5,1024,9408,split-patches,0.33,0,2,2000,2.0677182e-08,0,0.001453453,4.21050564
two_sweeps,1e-8,5,1024,9408,split,0.33,0.05,2,103,8.36864374e-09,1,0.069859471,0.310342121
triangle_deeper,1e-8,0,1,15,split,0.33,0.05,1,1,7.81566732e-14,1,6.502e-06,1.7203e-05
triangle_deeper,1e-8,1,4,48,split,0.33,0.05,1,37,2.29470967e-09,1,0.000251734,0.00026057
triangle_deeper,1e-8,2,16,168,split,0.33,0.05,1,83,9.49966249e-09,1,0.000998808,0.002128151
triangle_deeper,1e-8,3,64,624,split,0.33,0.05,1,110,9.11331999e-09,1,0.003934547,0.011180378
triangle_deeper,1e-8,4,256,2400,split,0.33,0.05,1,134,8.39757562e-09,1,0.016179116,0.051695934
triangle_deeper,1e-8,5,1024,9408,split,0.33,0.05,1,152,9.48856116e-09,1,0.066013761,0.258093438
triangle_deeper,1e-8,6,4096,37248,split,0.33,0.05,1,2000,5.68273084e-08,0,0.289805904,18.1601943
macro_deeper,1e-8,0,1,15,macro,0.33,0,1,1,7.81566732e-14,1,6.432e-06,1.5199e-05
macro_deeper,1e-8,1,4,48,macro,0.33,0,1,13,4.59145121e-09,1,3.156e-05,9.7914e-05
macro_deeper,1e-8,2,16,168,macro,0.33,0,1,20,6.21216118e-09,1,8.1723e-05,0.000546407
macro_deeper,1e-8,3,64,624,macro,0.33,0,1,27,6.79670312e-09,1,0.000415771,0.002791978
macro_deeper,1e-8,4,256,2400,macro,0.33,0,1,32,6.47418221e-09,1,0.001550706,0.012491373
macro_deeper,1e-8,5,1024,9408,macro,0.33,0,1,34,9.33627852e-09,1,0.007629963,0.076099351
macro_deeper,1e-8,6,4096,37248,macro,0.33,0,1,2000,6.49167705e+21,0,0.040286846,23.5888415
triangle_relaxed,1e-7,0,1,15,split,0.33,0.05,1,1,7.81566732e-14,1,7.594e-06,1.3415e-05
triangle_relaxed,1e-7,1,4,48,split,0.33,0.05,1,37,2.29470967e-09,1,0.000246033,0.000263846
triangle_relaxed,1e-7,2,16,168,split,0.33,0.05,1,74,8.96584638e-08,1,0.000977167,0.001915701
triangle_relaxed,1e-7,3,64,624,split,0.33,0.05,1,100,8.90605247e-08,1,0.004048672,0.010286327
triangle_relaxed,1e-7,4,256,2400,split,0.33,0.05,1,121,9.41560983e-08,1,0.016532159,0.048416489
triangle_relaxed,1e-7,5,1024,9408,split,0.33,0.05,1,138,8.40488255e-08,1,0.068880831,0.242422928
triangle_relaxed,1e-7,6,4096,37248,split,0.33,0.05,1,153,9.97364629e-08,1,0.292332494,1.31894467
