dataset,refinement,elements,dofs,smoother,damping,steps,iterations,residual,converged,setup_s,solve_s
triangle,0,1,15,macro,0.33,1,1,7.81566732e-14,1,8.245e-06,1.3646e-05
triangle,0,1,15,macro-vertex,0.33,1,1,7.81566732e-14,1,3.21e-07,3.346e-06
triangle,0,1,15,split,0.33,1,1,7.81566732e-14,1,2.1e-07,2.926e-06
triangle,1,4,48,macro,0.33,1,13,4.59145121e-09,1,2.656e-05,0.000104476
triangle,1,4,48,macro-vertex,0.33,1,13,4.59095843e-09,1,1.4578e-05,0.00010636
triangle,1,4,48,split,0.33,1,41,5.4593597e-09,1,5.631e-06,0.000232116
triangle,2,16,168,macro,0.33,1,20,6.21216118e-09,1,8.522e-05,0.000564079
triangle,2,16,168,macro-vertex,0.33,1,20,6.21119355e-09,1,7.5021e-05,0.000618751
triangle,2,16,168,split,0.33,1,141,8.18994341e-09,1,1.8425e-05,0.002806689
triangle,3,64,624,macro,0.33,1,27,6.79670312e-09,1,0.000373892,0.002913149
triangle,3,64,624,macro-vertex,0.33,1,27,6.80435875e-09,1,0.000363823,0.003413979
triangle,3,64,624,split,0.33,1,362,9.14206802e-09,1,0.000166543,0.027692818
triangle,4,256,2400,macro,0.33,1,32,6.47418221e-09,1,0.002603397,0.013416838
triangle,4,256,2400,macro-vertex,0.33,1,32,6.47051526e-09,1,0.001526957,0.015142157
triangle,4,256,2400,split,0.33,1,856,7.73606875e-09,1,0.000410621,0.252820695
triangle,5,1024,9408,macro,0.33,1,34,9.33627852e-09,1,0.010186914,0.081119176
triangle,5,1024,9408,macro-vertex,0.33,1,34,9.2253277e-09,1,0.009308174,0.09350585
triangle,5,1024,9408,split,0.33,1,2000,2.12080489e-08,0,0.001918883,2.58786261
square,0,32,320,macro,0.33,1,1,2.84434633e-12,1,8.225e-06,0.000104797
square,0,32,320,macro-vertex,0.33,1,1,2.84434633e-12,1,4.51e-07,8.9007e-05
square,0,32,320,split,0.33,1,1,2.84434633e-12,1,2.41e-07,8.2625e-05
square,1,128,1216,macro,0.33,1,28,3.73740054e-09,1,0.000634561,0.005445703
square,1,128,1216,macro-vertex,0.33,1,28,3.73743794e-09,1,0.000587503,0.005875019
square,1,128,1216,split,0.33,1,233,8.9533315e-09,1,0.00015443,0.034706775
square,2,512,4736,macro,0.33,1,33,2.84332418e-09,1,0.003850659,0.029324321
square,2,512,4736,macro-vertex,0.33,1,33,2.84806242e-09,1,0.00323344,0.036997376
square,2,512,4736,split,0.33,1,592,9.92383364e-09,1,0.000721996,0.345580784
square,3,2048,18688,macro,0.33,1,36,6.49750936e-09,1,0.020920063,0.194563477
square,3,2048,18688,macro-vertex,0.33,1,36,6.37296349e-09,1,0.018565604,0.213781946
square,3,2048,18688,split,0.33,1,2000,2.10586573e-08,0,0.002987849,6.16279502
triangle_two_sweeps,0,1,15,macro,0.33,2,1,7.81566732e-14,1,7.885e-06,1.4016e-05
triangle_two_sweeps,0,1,15,macro-vertex,0.33,2,1,7.81566732e-14,1,3.5e-07,3.256e-06
triangle_two_sweeps,0,1,15,split,0.33,2,1,7.81566732e-14,1,2e-07,2.826e-06
triangle_two_sweeps,1,4,48,macro,0.33,2,9,4.17569889e-10,1,2.7702e-05,0.000117891
triangle_two_sweeps,1,4,48,macro-vertex,0.33,2,9,4.17574071e-10,1,1.5358e-05,0.000124043
triangle_two_sweeps,1,4,48,split,0.33,2,34,5.97101291e-09,1,5.781e-06,0.000293761
triangle_two_sweeps,2,16,168,macro,0.33,2,13,7.84477739e-09,1,8.0661e-05,0.000652625
triangle_two_sweeps,2,16,168,macro-vertex,0.33,2,13,7.84463956e-09,1,7.2647e-05,0.000723458
triangle_two_sweeps,2,16,168,split,0.33,2,104,3.6884139e-09,1,1.7943e-05,0.00350999
triangle_two_sweeps,3,64,624,macro,0.33,2,18,5.31510353e-09,1,0.000385955,0.003644522
triangle_two_sweeps,3,64,624,macro-vertex,0.33,2,18,5.31475789e-09,1,0.000349176,0.004111258
triangle_two_sweeps,3,64,624,split,0.33,2,257,9.02689156e-09,1,7.1024e-05,0.034842942
triangle_two_sweeps,4,256,2400,macro,0.33,2,21,3.67393696e-09,1,0.002365441,0.017410064
triangle_two_sweeps,4,256,2400,macro-vertex,0.33,2,21,3.68830555e-09,1,0.00164041,0.018975343
triangle_two_sweeps,4,256,2400,split,0.33,2,583,8.98522901e-09,1,0.000382798,0.305290838
triangle_two_sweeps,5,1024,9408,macro,0.33,2,21,9.76385186e-09,1,0.010731947,0.096554694
triangle_two_sweeps,5,1024,9408,macro-vertex,0.33,2,21,9.77113658e-09,1,0.009308916,0.103226289
triangle_two_sweeps,5,1024,9408,split,0.33,2,2000,2.0677182e-08,0,0.001832671,4.51493806
triangle_damped,0,1,15,macro,0.49,1,1,7.81566732e-14,1,7.805e-06,1.5288e-05
triangle_damped,0,1,15,macro-vertex,0.49,1,1,7.81566732e-14,1,3.4e-07,3.867e-06
triangle_damped,0,1,15,split,0.49,1,1,7.81566732e-14,1,2.1e-07,2.926e-06
triangle_damped,1,4,48,macro,0.49,1,12,2.23304978e-09,1,2.4837e-05,9.5199e-05
triangle_damped,1,4,48,macro-vertex,0.49,1,12,2.2328724e-09,1,1.5238e-05,9.9757e-05
triangle_damped,1,4,48,split,0.49,1,39,2.15385464e-09,1,6.503e-06,0.000220033
triangle_damped,2,16,168,macro,0.49,1,19,5.96951311e-09,1,8.3888e-05,0.000544352
triangle_damped,2,16,168,macro-vertex,0.49,1,19,5.96972656e-09,1,7.6975e-05,0.000594295
triangle_damped,2,16,168,split,0.49,1,123,2.5146404e-09,1,2.0499e-05,0.002548754
triangle_damped,3,64,624,macro,0.49,1,27,4.4637625e-09,1,0.000430868,0.003038254
triangle_damped,3,64,624,macro-vertex,0.49,1,27,4.46579814e-09,1,0.00036191,0.00335637
triangle_damped,3,64,624,split,0.49,1,294,5.04867319e-09,1,8.4228e-05,0.02357622
triangle_damped,4,256,2400,macro,0.49,1,33,3.79678382e-09,1,0.002697124,0.015011622
triangle_damped,4,256,2400,macro-vertex,0.49,1,33,3.78868489e-09,1,0.002203246,0.016558816
triangle_damped,4,256,2400,split,0.49,1,689,6.11787906e-09,1,0.000403708,0.209384881
