refinement,smoother,iteration,recursive_residual,true_residual,residual_gap,extended_residual,preconditioned_residual
6,macro,0,1,1,0,1,1
6,macro,1,0.59805882391759713,0.59805882404247113,6.974696293066364e-09,0.5980588240155984,0.19931449111111751
6,macro,2,0.6426800625352358,0.64268006259011834,7.9876737385463439e-09,0.64268006253110421,0.11338103657537228
6,macro,3,0.54867993834680773,0.54867993820187078,8.8589364152512365e-09,0.54867993827165462,0.059198173715757071
6,macro,4,0.4261800010841183,0.42618000137067291,9.6988085149858193e-09,0.42618000131328265,0.029383456714083395
6,macro,5,0.26870019558714192,0.26870019531561262,1.0486937916321329e-08,0.26870019531110179,0.013834585925843346
6,macro,6,0.1733067819726577,0.17330678223003954,1.1158568505848487e-08,0.17330678222997725,0.0062743178613198676
6,macro,7,0.11962998167928132,0.11962998140522885,1.1732659317287053e-08,0.1196299814485456,0.0032061658178121101
6,macro,8,0.10285817308115427,0.1028581733759291,1.2368830954100643e-08,0.10285817339000577,0.0020088462147816941
6,macro,9,0.073681890780102233,0.073681890639590686,1.2881373853717274e-08,0.073681890618192775,0.0012024399500567028
6,macro,10,0.042579871280875523,0.042579871529816044,1.336513977295188e-08,0.042579871447639028,0.00064396437438978915
6,macro,11,0.021827931636364269,0.021827931499110192,1.3881114134395393e-08,0.021827931546940654,0.00031067694561648086
6,macro,12,0.012417579831197697,0.012417579887296727,1.4370222115825542e-08,0.012417579900186358,0.00016892104333969006
6,macro,13,0.0061167685114853253,0.0061167683283952379,1.4907637413496402e-08,0.0061167683142771753,8.7756039508781532e-05
6,macro,14,0.0031762060316296633,0.0031762063687895033,1.5458369915040634e-08,0.0031762062836035911,4.7704219981702046e-05
6,macro,15,0.0018217575738848635,0.0018217573755300192,1.5936933702433065e-08,0.0018217573879138445,2.7762426772417603e-05
6,macro,16,0.00087969156231878804,0.00087969165056186961,1.6441314667026021e-08,0.00087969165563436379,1.5891917470872418e-05
6,macro,17,0.00036686249052749376,0.00036686264676855958,1.6853992064733441e-08,0.00036686261664568219,8.7047543606508395e-06
6,macro,18,0.00015100712361786064,0.00015100687974941399,1.7254063134543895e-08,0.00015100681716256618,4.6242734164936017e-06
6,macro,19,6.6468848034696151e-05,6.6469167846299864e-05,1.7746830061062505e-08,6.6469169206677915e-05,2.4625809128633453e-06
6,macro,20,3.680847302143956e-05,3.6808277219784824e-05,1.8137510147843482e-08,3.680827773495687e-05,1.3251919567776223e-06
6,macro,21,2.75458453655951e-05,2.7546045613264427e-05,1.8516699161720774e-08,2.7546042375452113e-05,7.7204985146896082e-07
6,macro,22,2.1576635785637141e-05,2.157627404040454e-05,1.8903899966649149e-08,2.1576281956515398e-05,4.3880228254813186e-07
6,macro,23,1.6110634069991211e-05,1.6110924170208192e-05,1.9156491543190523e-08,1.6111043752015962e-05,2.4567522703906575e-07
6,macro,24,1.007740418773186e-05,1.007692814445047e-05,1.9529302164569389e-08,1.0076934697194918e-05,1.281610009845461e-07
6,macro,25,6.2041269474256239e-06,6.2045941381463914e-06,1.9774985822013429e-08,6.2045904213136764e-06,6.8369315577418257e-08
6,macro,26,3.9341969401985757e-06,3.9338472030467365e-06,2.0106259888480531e-08,3.9338698149553546e-06,3.8315046618456114e-08
6,macro,27,2.4672955842725529e-06,2.4676969019691024e-06,2.0569977186965355e-08,2.4676754639734701e-06,2.2158037199036107e-08
6,macro,28,1.5056668080234369e-06,1.5055218411558602e-06,2.0714016141284501e-08,1.5055200315386415e-06,1.255192512675005e-08
6,macro,29,8.2930483045791786e-07,8.2969328578208274e-07,2.1217144212070614e-08,8.2972434999128202e-07,6.6948483305153787e-09
6,macro,30,4.2736902021810525e-07,4.2772974428214345e-07,2.1609491011942813e-08,4.2774585798531066e-07,3.5286325337687349e-09
6,macro,31,2.3234977095697573e-07,2.3358395748998912e-07,2.1903234459023429e-08,2.3346212475592373e-07,1.9994796127030032e-09
6,macro,32,1.2391224964652501e-07,1.2576642595733302e-07,2.2289648006723576e-08,1.2570939141311813e-07,1.1595804594544992e-09
6,macro,33,5.8921540665275726e-08,6.3325549121230796e-08,2.2608423330254221e-08,6.317809686121739e-08,6.2175853522536259e-10
6,macro,34,2.8961199719301753e-08,3.6772690424608142e-08,2.3063685729880356e-08,3.6604752184805804e-08,3.4103312424453034e-10
6,macro,35,1.3998315312121895e-08,2.7402487980405054e-08,2.344241436678788e-08,2.7130389002584242e-08,1.8305864433415352e-10
6,macro,36,6.7481870720720105e-09,2.4734750518455975e-08,2.3857893790309258e-08,2.4444489293407727e-08,1.0170713865639348e-10
6,macro,37,3.0614212421577363e-09,2.4399427617806551e-08,2.4190743841422193e-08,2.4030435653051769e-08,5.6623279596129842e-11
6,macro,38,1.5037562803669577e-09,2.4533886453521577e-08,2.4491349642867857e-08,2.4223669839705668e-08,3.1466137553877813e-11
6,macro,39,9.2450194800586861e-10,2.483157255445974e-08,2.4815692413964625e-08,2.4484123648562678e-08,1.7391773423717016e-11
6,macro,40,5.9720615975535544e-10,2.4933878251121503e-08,2.4922564343840704e-08,2.4663997646874999e-08,9.5505065948324916e-12
6,macro,41,3.9472625281031375e-10,2.5265708344415017e-08,2.5266717985333846e-08,2.491951429556206e-08,5.2233861948947986e-12
6,macro,42,2.477502010530182e-10,2.5669023251523536e-08,2.5665597116157496e-08,2.531574899437124e-08,2.8582677527023429e-12
6,macro,43,1.5106545067213783e-10,2.5934455448354135e-08,2.5935872675784157e-08,2.5605963191839644e-08,1.5431218657964974e-12
6,macro,44,9.0614917928323126e-11,2.6186819318656134e-08,2.6185569841366967e-08,2.5931098065749196e-08,8.1636954129439422e-13
6,macro,45,5.824368779670543e-11,2.6604543995416469e-08,2.6604936754426268e-08,2.624041612168192e-08,4.5795746542411179e-13
6,macro,46,3.3269598288274814e-11,2.6727463644670917e-08,2.6727085898775132e-08,2.6427665406995234e-08,2.4806028566848835e-13
6,macro,47,1.873702156581663e-11,2.7097226797776152e-08,2.7097462141771232e-08,2.6739945294619548e-08,1.3636226787269921e-13
6,macro,48,1.026081523540633e-11,2.7473684231305041e-08,2.7473614754670937e-08,2.7181162230842073e-08,7.5824625236494699e-14
6,macro,49,5.3694719608757542e-12,2.7807435441736809e-08,2.7807458019923925e-08,2.7508408512595436e-08,4.0961294356226636e-14
6,macro,50,2.9155167700093696e-12,2.8112547465128687e-08,2.8112533185824965e-08,2.7811972873385931e-08,2.2713995407528553e-14
6,macro,51,1.5477373261910893e-12,2.8499953743222447e-08,2.8499959513664437e-08,2.8123393664622323e-08,1.2488858166948922e-14
6,macro,52,8.3222652632746847e-13,2.8628118356505435e-08,2.8628114057476827e-08,2.836581198660747e-08,6.8875036706686205e-15
6,macro,53,4.2152749034947614e-13,2.8853861893231365e-08,2.8853864166447895e-08,2.8534395064598792e-08,3.7354350291316991e-15
6,macro,54,2.0077896453009821e-13,2.9077082891466157e-08,2.9077081376659391e-08,2.8843353837114531e-08,2.0366195172606928e-15
6,macro,55,9.6655337789387677e-14,2.9274458059629851e-08,2.9274459078009314e-08,2.906760811334674e-08,1.1120819189696001e-15
6,macro,56,4.6106720860688693e-14,2.9514233358123026e-08,2.9514232872753086e-08,2.9260173979184636e-08,5.9771822995327646e-16
6,macro,57,2.3133946583499186e-14,2.9771903675646126e-08,2.9771903928486401e-08,2.9505337087702979e-08,3.3164922714109897e-16
6,macro,58,1.1944788990204097e-14,3.011990890330411e-08,3.0119908733970644e-08,2.9770937461526001e-08,1.8635369074539646e-16
6,macro,59,6.7827743665210054e-15,3.0331215677387357e-08,3.0331215764154685e-08,2.994968247871393e-08,1.0241509805432079e-16
6,macro,60,4.2863341135955164e-15,3.0483766573865631e-08,3.0483766530520851e-08,3.0144199851907578e-08,5.4958672883334349e-17
6,macro,61,2.6202916186262701e-15,3.0560031243839858e-08,3.0560031255933232e-08,3.0235710251692605e-08,2.8775903718098958e-17
6,macro,62,1.6615091580101867e-15,3.0548937188983123e-08,3.0548937190714545e-08,3.0238667239433298e-08,1.5468157744815433e-17
6,macro,63,1.103764834440948e-15,3.0557808547365912e-08,3.055780854433681e-08,3.0241376744783352e-08,8.6573201195117404e-18
6,macro,64,6.7426122982691308e-16,3.0563013392316288e-08,3.0563013393543301e-08,3.0243115460071843e-08,4.7171301419966232e-18
6,macro,65,3.8701425495889317e-16,3.0563518846740119e-08,3.0563518846577211e-08,3.0243684406286091e-08,2.5856617371608568e-18
6,macro,66,2.0527923530139974e-16,3.0564187455280644e-08,3.0564187455278593e-08,3.0243301110167707e-08,1.3780064246549041e-18
6,macro,67,1.0926333290487028e-16,3.056407979856789e-08,3.0564079798368784e-08,3.0243423562959684e-08,7.4095445587710445e-19
6,macro,68,5.4849222468091592e-17,3.0564086117300248e-08,3.0564086117567408e-08,3.0243449267430505e-08,3.9558577625647864e-19
6,macro,69,2.7428495809161497e-17,3.0564087636360117e-08,3.056408763616612e-08,3.0243432852238673e-08,2.1352182322011302e-19
6,macro,70,1.3368122120096168e-17,3.0564087731588934e-08,3.0564087731688513e-08,3.0243436767263006e-08,1.1388836177061041e-19
6,macro,71,6.7822929490061245e-18,3.0564088251514181e-08,3.0564088251469057e-08,3.024343853594979e-08,6.2073946605129313e-20
6,macro,72,3.352770241890269e-18,3.056408799143511e-08,3.0564087991457246e-08,3.0243437319609802e-08,3.3829264320243843e-20
6,macro,73,1.6929950261928153e-18,3.0564087980064454e-08,3.0564087980051497e-08,3.0243437726336779e-08,1.8418642848547317e-20
6,macro,74,8.9056369733039885e-19,3.0564087971834748e-08,3.0564087971841657e-08,3.0243437596167774e-08,1.0226329579076757e-20
6,macro,75,4.5536174605770912e-19,3.0564087972976515e-08,3.0564087972974239e-08,3.0243437596459345e-08,5.5096052236528432e-21
6,macro,76,2.4440128269832525e-19,3.0564087974118296e-08,3.0564087974118587e-08,3.0243437596752491e-08,2.9557515898352578e-21
6,macro,77,1.5345817827066918e-19,3.0564087973547416e-08,3.0564087973547859e-08,3.0243437596654765e-08,1.6703241367553949e-21
6,macro,78,9.3806016271606011e-20,3.0564087973261959e-08,3.0564087973261529e-08,3.0243437596557078e-08,9.1205024359457765e-22
6,macro,79,5.9262935317171737e-20,3.0564087973261959e-08,3.0564087973262277e-08,3.0243437596557078e-08,5.079953431936072e-22
6,macro,80,3.5741313295150841e-20,3.0564087973261959e-08,3.056408797326176e-08,3.0243437596557078e-08,2.7515578943516758e-22
6,macro,81,2.1023604862397021e-20,3.0564087973261959e-08,3.0564087973261946e-08,3.0243437596557078e-08,1.4680706787599878e-22
6,macro,82,1.2135878244390791e-20,3.0564087973261959e-08,3.056408797326178e-08,3.0243437596557078e-08,8.04871281510654e-23
6,macro,83,7.2998831336051238e-21,3.0564087973261959e-08,3.0564087973261846e-08,3.0243437596557078e-08,4.6225175422143397e-23
6,macro,84,3.831254153725028e-21,3.0564087973261959e-08,3.0564087973261886e-08,3.0243437596557078e-08,2.4873694334565404e-23
6,macro,85,2.117393629982279e-21,3.0564087973261959e-08,3.0564087973261913e-08,3.0243437596557078e-08,1.4064110267365118e-23
6,macro,86,1.0786747029229708e-21,3.0564087973261959e-08,3.0564087973261866e-08,3.0243437596557078e-08,7.6742121608290785e-24
6,macro,87,5.4510121695170598e-22,3.0564087973261959e-08,3.0564087973261966e-08,3.0243437596557078e-08,4.1374944085091159e-24
6,macro,88,2.8545515552928401e-22,3.0564087973261959e-08,3.0564087973261926e-08,3.0243437596557078e-08,2.2922255302988011e-24
6,macro,89,1.4448800158948833e-22,3.0564087973261959e-08,3.0564087973261959e-08,3.0243437596557078e-08,1.2528971526554522e-24
6,macro,90,7.161836113013539e-23,3.0564087973261959e-08,3.0564087973261946e-08,3.0243437596557078e-08,6.8161786013906138e-25
6,macro,91,3.2709202879680127e-23,3.0564087973261959e-08,3.0564087973261959e-08,3.0243437596557078e-08,3.5910390842742423e-25
6,macro,92,1.5618293859826952e-23,3.0564087973261959e-08,3.0564087973261959e-08,3.0243437596557078e-08,1.9187684262004891e-25
6,macro,93,8.1693175676975257e-24,3.0564087973261959e-08,3.0564087973261959e-08,3.0243437596557078e-08,1.0333398207960811e-25
6,macro,94,4.8504190679209454e-24,3.0564087973261959e-08,3.0564087973261959e-08,3.0243437596557078e-08,5.5998532463150526e-26
6,macro,95,3.1095538989668339e-24,3.0564087973261959e-08,3.0564087973261959e-08,3.0243437596557078e-08,3.0114155135330991e-26
6,macro,96,1.9352715322363671e-24,3.0564087973261959e-08,3.0564087973261959e-08,3.0243437596557078e-08,1.6108176557924605e-26
6,macro,97,1.1923162247822945e-24,3.0564087973261959e-08,3.0564087973261959e-08,3.0243437596557078e-08,8.7387224333724538e-27
6,macro,98,7.1044186370884017e-25,3.0564087973261959e-08,3.0564087973261959e-08,3.0243437596557078e-08,4.7154007256921763e-27
6,macro,99,4.0734771657375677e-25,3.0564087973261959e-08,3.0564087973261959e-08,3.0243437596557078e-08,2.5606540075136451e-27
6,macro,100,2.3346613985136411e-25,3.0564087973261959e-08,3.0564087973261959e-08,3.0243437596557078e-08,1.3843278423392292e-27
6,split,0,1,1,0,1,1
6,split,1,109.80811937629535,109.80811937632146,6.8968118123775626e-09,109.80811937633493,0.1449703750916056
6,split,2,1001.9086868980094,1001.9086868980813,7.753610948817956e-09,1001.9086868979857,0.16608485323937361
6,split,3,1167.6435836114376,1167.6435836114915,8.5094239079359722e-09,1167.6435836115363,0.14683143838823037
6,split,4,764.02400112114515,764.02400112116561,9.3454724021008968e-09,764.0240011211348,0.10751987673707118
6,split,5,1102.1703468692949,1102.1703468693418,1.0021853106260554e-08,1102.1703468693158,0.096789561938933372
6,split,6,1207.3786745907157,1207.378674590585,1.0653621888784775e-08,1207.3786745906109,0.091623188887008003
6,split,7,650.76893187117139,650.76893187126689,1.1108894771251507e-08,650.76893187129599,0.076206952046459206
6,split,8,817.30695017920993,817.3069501791939,1.1860959049685963e-08,817.30695017924188,0.070481679448872875
6,split,9,539.60855798004775,539.60855798010437,1.2405329667557275e-08,539.60855798008276,0.056762378394211319
6,split,10,575.10885645532414,575.10885645525343,1.3086782316259115e-08,575.10885645527526,0.048741955275032792
6,split,11,552.28421028357468,552.28421028367006,1.3646566687105085e-08,552.28421028369212,0.038264477710285953
6,split,12,448.26339755270902,448.26339755256402,1.4125408834370081e-08,448.26339755250387,0.032132746545534073
6,split,13,294.63121252184436,294.63121252193008,1.4714482651862115e-08,294.63121252189541,0.026749763188510453
6,split,14,348.67883138930875,348.67883138953277,1.5214075578622864e-08,348.67883138955426,0.02529571154790132
6,split,15,244.90728245209993,244.90728245172446,1.5656350133245566e-08,244.90728245174256,0.018917328572020189
6,split,16,195.0658013580655,195.06580135805848,1.612968125613477e-08,195.06580135810245,0.014038039159304256
6,split,17,168.01068391529799,168.01068391541961,1.6550426475243941e-08,168.01068391550294,0.012426773072672528
6,split,18,149.06495277335455,149.06495277309656,1.6936453623230377e-08,149.06495277313067,0.011453712071098642
6,split,19,115.79268914953997,115.79268914964939,1.7370337257342514e-08,115.79268914961939,0.0087557302716152266
6,split,20,107.61183057839885,107.61183057836233,1.7769940254330957e-08,107.61183057836564,0.0072684899014888093
6,split,21,84.398240049146793,84.398240048999014,1.8180972682898139e-08,84.398240049023158,0.0062349557724241909
6,split,22,68.471057950953551,68.471057951061013,1.8717966986228596e-08,68.471057951080411,0.0051904374254541641
6,split,23,61.382518384352991,61.382518384395397,1.9067665261908568e-08,61.382518384333615,0.0045539640313538568
6,split,24,55.271922197707376,55.271922197653858,1.9534083244050946e-08,55.271922197646248,0.0039205616363440767
6,split,25,44.609892887550188,44.609892887593581,1.9946705432176199e-08,44.609892887654603,0.0032860429533534334
6,split,26,37.964182065736864,37.964182065686366,2.0435799992292593e-08,37.964182065668204,0.0027544749980383202
6,split,27,33.182896389252143,33.182896389183099,2.0808439882643067e-08,33.182896389244171,0.0023087525950264889
6,split,28,29.357063881983816,29.357063882137329,2.1197208612099735e-08,29.357063882169797,0.002066889987405284
6,split,29,24.294587196316741,24.294587196201391,2.1690657227959938e-08,24.294587196131747,0.0017602354264574123
6,split,30,24.210258957313208,24.210258957238043,2.1868098409151816e-08,24.21025895712808,0.0016385606425532292
6,split,31,21.0266306031785,21.026630603642513,2.2146497432360426e-08,21.026630603685817,0.0015185499752767972
6,split,32,17.312446347111134,17.312446347094028,2.2362869708821196e-08,17.312446347069184,0.001297291500885764
6,split,33,17.982008937455223,17.982008937165986,2.2758934318019527e-08,17.982008937147015,0.0011444583630821675
6,split,34,15.675431857929107,15.675431858012276,2.3209761500321898e-08,15.675431858049809,0.0010280968869443808
6,split,35,12.869638388024928,12.869638388482691,2.3511984614650944e-08,12.86963838847903,0.00089054074748632077
6,split,36,11.983999033593452,11.983999032953022,2.3956121639739929e-08,11.983999032966768,0.00077262312777677956
6,split,37,9.7184994191594036,9.7184994195358207,2.4196229673509662e-08,9.7184994195255427,0.00062404683781147911
6,split,38,7.2859677895041655,7.2859677893593862,2.449874842588704e-08,7.2859677893751842,0.00050035874357177025
6,split,39,6.6423252817396445,6.6423252818128509,2.4858272662710856e-08,6.642325281763978,0.00042857465850344901
6,split,40,4.9562555255843668,4.9562555257786096,2.5066515066170137e-08,4.956255525822268,0.00034194509039725036
6,split,41,4.4429764190501562,4.4429764187798524,2.5390640179681089e-08,4.4429764187963867,0.00029116464685081565
6,split,42,3.5747159210866948,3.5747159212876003,2.5863257017162433e-08,3.5747159213023352,0.0002528682315161113
6,split,43,3.2624779194531843,3.2624779193715572,2.6052362769020191e-08,3.2624779194063689,0.00021473667451841379
6,split,44,2.8644561058836677,2.8644561058972986,2.6392395156381303e-08,2.8644561059118332,0.00017855991387137195
6,split,45,2.2471683693814417,2.2471683694078544,2.6787588835506558e-08,2.2471683693861313,0.0001440456595546594
6,split,46,1.7677368636373969,1.7677368637684872,2.714972628601074e-08,1.7677368637485802,0.00012019919372970642
6,split,47,1.6592655005952981,1.6592655003947727,2.7425974132638119e-08,1.6592655004130274,0.00010370314862717863
6,split,48,1.3512657432093884,1.3512657432167228,2.7644270259874231e-08,1.3512657432099913,8.7984764187990804e-05
6,split,49,1.21210408559259,1.2121040859368915,2.7794596149475883e-08,1.2121040859493695,7.5431369357050631e-05
6,split,50,1.0607894542948364,1.0607894538921239,2.8117982784048257e-08,1.0607894539142801,6.631576403394877e-05
6,split,51,0.82542521845136962,0.8254252183968469,2.8420735085705138e-08,0.8254252183716666,5.7293042796724012e-05
6,split,52,0.72693361562148895,0.72693361610658946,2.8600517203590176e-08,0.72693361609881157,4.9831257870369309e-05
6,split,53,0.66288803203240299,0.66288803192929246,2.8900977985571573e-08,0.66288803189681422,4.2855142539213148e-05
6,split,54,0.57751505037775885,0.577515050034211,2.9039180086953352e-08,0.57751505006719639,3.7950336131955224e-05
6,split,55,0.50025937058064729,0.50025937070686965,2.9267158798198233e-08,0.50025937071768722,3.3787415070096593e-05
6,split,56,0.42315302368123364,0.42315302359188689,2.9565087251223492e-08,0.42315302361728813,2.8057234046291695e-05
6,split,57,0.40943530087890528,0.40943530091500385,2.96745767546193e-08,0.40943530095369263,2.4444929240127196e-05
6,split,58,0.33943733645227919,0.33943733637143098,3.004913682882118e-08,0.33943733636692952,2.0278319877248063e-05
6,split,59,0.28803693151687498,0.28803693143402193,3.0173594425321487e-08,0.28803693142893555,1.7001414859557818e-05
6,split,60,0.22029110431459678,0.22029110455910614,3.0540531372640189e-08,0.22029110453324249,1.4299727591751886e-05
6,split,61,0.18536955050711909,0.18536955043243969,3.0720221618024574e-08,0.18536955038222278,1.263105316210537e-05
6,split,62,0.15745369470763693,0.15745369458347078,3.0846024385328865e-08,0.15745369458487996,1.054976582010436e-05
6,split,63,0.13055237726212313,0.13055237738199549,3.0988953513990507e-08,0.13055237734392194,8.8153743491824064e-06
6,split,64,0.10481230090287147,0.10481230104265117,3.1317975454107768e-08,0.10481230105858426,7.6054085041069146e-06
6,split,65,0.091053418343747777,0.091053418085349683,3.1735567692931573e-08,0.091053418118026905,6.4385531483879093e-06
6,split,66,0.085326458967477634,0.085326459131869342,3.1888139970088228e-08,0.085326459132531576,5.4161791588534178e-06
6,split,67,0.070489572312040602,0.07048957215344763,3.2234678326951396e-08,0.070489572082938615,4.6218113308138976e-06
6,split,68,0.063307413579469271,0.063307413611361385,3.2298621346011376e-08,0.063307413555210273,3.9016714238846849e-06
6,split,69,0.046357340366513164,0.046357340781005542,3.2680928497558956e-08,0.04635734080222334,3.2904045156406092e-06
6,split,70,0.041467631073552086,0.041467630463696212,3.2916737395539831e-08,0.041467630499643741,2.9018045984072889e-06
6,split,71,0.036483588145268954,0.036483588074313449,3.327392782106032e-08,0.036483588037623436,2.4782875765876633e-06
6,split,72,0.031664804455634639,0.031664805099092787,3.347211695401047e-08,0.031664805115852034,2.0611701725999535e-06
6,split,73,0.027350596596499983,0.027350596113962372,3.3595097194941614e-08,0.027350596094942333,1.7412435603434996e-06
6,split,74,0.025094232860177677,0.025094233022391343,3.3730307187822952e-08,0.025094233044278613,1.5397753015862676e-06
6,split,75,0.021464669003424974,0.021464668745422997,3.413143356238186e-08,0.021464668754199088,1.3096974910224591e-06
6,split,76,0.017715212431353523,0.017715212460717347,3.4244354653755446e-08,0.017715212495020005,1.08483004702196e-06
6,split,77,0.014783033996371417,0.014783034243400875,3.4501845391273133e-08,0.014783034276346693,9.2080439447532079e-07
6,split,78,0.01179789696401746,0.011797896872503124,3.4565089952152777e-08,0.011797896853965565,8.0024736705148813e-07
6,split,79,0.01133740660890247,0.011337406476127789,3.4772485712293816e-08,0.011337406486366573,7.2496561899447401e-07
6,split,80,0.0093094325070317147,0.0093094321511540835,3.5118009648808573e-08,0.0093094321823817203,6.1255331840166814e-07
6,split,81,0.0081549756967642419,0.0081549763159234883,3.5303386639791817e-08,0.0081549762784331372,5.2969170904749121e-07
6,split,82,0.0072360126914317903,0.0072360122105901217,3.558197093259746e-08,0.0072360123014951205,4.5864903356307583e-07
6,split,83,0.0060230355207345427,0.0060230355706090135,3.5725739779310669e-08,0.0060230355629598119,3.8150191049528681e-07
6,split,84,0.0050672413186458737,0.0050672411728117164,3.6011328779178047e-08,0.005067241220355222,3.2225355803259606e-07
6,split,85,0.0045715716410330929,0.004571571671711851,3.5999196832120707e-08,0.0045715717266591807,2.7887904616630258e-07
6,split,86,0.0038134635742925094,0.0038134637750290561,3.6301773989862389e-08,0.0038134637498635745,2.2758372292197038e-07
6,split,87,0.0029138773412214669,0.0029138770085865577,3.6467405167460152e-08,0.0029138769737700981,1.8820812739413472e-07
6,split,88,0.0027624772256016803,0.0027624774530230069,3.6510598841708908e-08,0.0027624774661627444,1.6904618228998977e-07
6,split,89,0.0020883048033971193,0.0020883049067699283,3.6833450294592415e-08,0.0020883048794358978,1.3777674134734282e-07
6,split,90,0.0019273958902366081,0.0019273956079732459,3.7037237081369144e-08,0.0019273955628819161,1.1684696234489625e-07
6,split,91,0.0015831874774716284,0.0015831878031562308,3.7187855134819851e-08,0.0015831878004046065,9.6097175371317462e-08
6,split,92,0.0014727777894634113,0.0014727777836706633,3.7427219768589598e-08,0.0014727777782228299,8.2160421208195042e-08
6,split,93,0.0010663936165008236,0.0010663934575841137,3.7683539633477072e-08,0.0010663934187486468,6.6767371822621644e-08
6,split,94,0.00099476941872925825,0.00099476993217053949,3.777509690462376e-08,0.00099476983465452426,5.8360006009969806e-08
6,split,95,0.00077068599538560978,0.00077068566134578175,3.7943355383257489e-08,0.00077068563928896553,4.8422231015805833e-08
6,split,96,0.00072891030720519589,0.00072891029423467377,3.8016421205129793e-08,0.00072891032516729818,4.2638283639556768e-08
6,split,97,0.00055447555976981646,0.00055447569208816295,3.8195508850916734e-08,0.00055447567618542842,3.5882228893905338e-08
6,split,98,0.00052452449543854485,0.00052452450827540945,3.841362399029217e-08,0.00052452446956169688,3.1143570683756156e-08
6,split,99,0.00043365975679722621,0.00043366006026367252,3.8593494326155488e-08,0.00043365998683893606,2.6390072447461374e-08
6,split,100,0.00036648552447743837,0.00036648517135912247,3.8700147322144139e-08,0.00036648519923846199,2.2124087273297177e-08
6,split,101,0.00030723179040970967,0.00030723193196692338,3.8929368780059245e-08,0.00030723191906394494,1.9034441808150342e-08
6,split,102,0.00027316928834979416,0.00027316960746877052,3.89437838209893e-08,0.00027316956902160959,1.6396793292642519e-08
6,split,103,0.00022188740629035475,0.00022188691748634777,3.9194213876566887e-08,0.0002218868436851036,1.3846169701766988e-08
6,split,104,0.00019513090853403469,0.00019513149786656153,3.9399540625356141e-08,0.00019513150581359248,1.2096240872822988e-08
6,split,105,0.00017566068563211617,0.00017566075923227203,3.9595061853928888e-08,0.00017566075465426107,1.0609530292975722e-08
6,split,106,0.00014156024543307853,0.00014155938566572549,3.9706780330739071e-08,0.00014155935113262935,8.6794241277950709e-09
6,split,107,0.00012753591042167042,0.00012753686218643578,3.9858079490743699e-08,0.00012753689638574805,7.4728857678228215e-09
6,split,108,0.00010482091299885385,0.00010482080955771369,4.0050690783851965e-08,0.00010482077548621764,6.4360698423945446e-09
6,split,109,8.4315337289212844e-05,8.4314836042616477e-05,4.0207309609124514e-08,8.4314878417242773e-05,5.6400952034973404e-09
6,split,110,6.9614519029468806e-05,6.9614307155322472e-05,4.0343355801682873e-08,6.9614394152294043e-05,5.000884226356201e-09
6,split,111,6.1664542601586517e-05,6.1664874384900325e-05,4.0592742343486328e-08,6.1664962746498745e-05,4.1445052908839679e-09
6,split,112,5.8065897002020141e-05,5.8065945162393413e-05,4.0617956859518212e-08,5.806599606616246e-05,3.4684160331010147e-09
6,split,113,4.7222216046174064e-05,4.722208827342686e-05,4.074968718216597e-08,4.7222106159970032e-05,2.9649231125622248e-09
6,split,114,4.077250894193491e-05,4.0772687264049973e-05,4.0872653105034398e-08,4.0772602266732073e-05,2.531634322825281e-09
6,split,115,3.310533122754513e-05,3.3105230042760315e-05,4.1068010722221336e-08,3.3105169238579072e-05,2.1235839726287625e-09
6,split,116,2.8588300889085001e-05,2.8588424732580332e-05,4.1197496357671415e-08,2.8588478470349598e-05,1.8350719319964263e-09
6,split,117,2.238165074831579e-05,2.2381791905050146e-05,4.136096713522183e-08,2.2381789940606388e-05,1.6279692517227584e-09
6,split,118,2.1292705590698996e-05,2.1292764288710179e-05,4.152717702726495e-08,2.129274378363197e-05,1.3744245604249745e-09
6,split,119,1.8700393917722772e-05,1.8700961188175318e-05,4.1684111189839575e-08,1.8701032419515748e-05,1.1352100125818246e-09
6,split,120,1.7157164158117877e-05,1.715643526683425e-05,4.1939426858470704e-08,1.715642535561698e-05,9.8967420488910607e-10
6,split,121,1.4574630041553486e-05,1.4574452863440937e-05,4.2189098794086936e-08,1.4574404049205743e-05,8.4917411092793719e-10
6,split,122,1.1848048027449868e-05,1.1849678470771745e-05,4.227133095644659e-08,1.1849599988032513e-05,7.1071426392152491e-10
6,split,123,9.5473514622709978e-06,9.5463523085062648e-06,4.2422349247614971e-08,9.5464405907737526e-06,6.2354033704110905e-10
6,split,124,8.1498864114102719e-06,8.1492690989020083e-06,4.2616711062964619e-08,8.1492750785427089e-06,5.5631300205302613e-10
6,split,125,7.3946069059579751e-06,7.3955383852274804e-06,4.2766988706757672e-08,7.3956021349092453e-06,4.73883427754526e-10
6,split,126,6.6166236982574706e-06,6.6168168923856107e-06,4.2831566696775036e-08,6.6167841960530528e-06,3.9123553710156226e-10
6,split,127,5.4373612283845853e-06,5.4369320221130542e-06,4.3002226654060422e-08,5.43695330868938e-06,3.2781511955551014e-10
6,split,128,4.5216844103120785e-06,4.5221840315926595e-06,4.3059594323645796e-08,4.5222119420523102e-06,2.8444388047979843e-10
6,split,129,3.8839660827629996e-06,3.884302014845804e-06,4.3121937643647317e-08,3.8842903656522187e-06,2.4263006715740512e-10
6,split,130,3.3483189880415237e-06,3.348419584228958e-06,4.3324420198173972e-08,3.3483570109933013e-06,2.0597826628361724e-10
6,split,131,2.971251600828131e-06,2.9717403636293398e-06,4.3483321776796247e-08,2.9716717614356471e-06,1.7544655754465862e-10
6,split,132,2.4247972173678287e-06,2.4248098977082143e-06,4.3589253742443316e-08,2.4248778588220631e-06,1.4630411856225657e-10
6,split,133,2.0421327987084991e-06,2.04294349205553e-06,4.3674565107476738e-08,2.0428653961253772e-06,1.2633450997813997e-10
6,split,134,1.6310867862486896e-06,1.6322356913858093e-06,4.3810033569744814e-08,1.6322440229146429e-06,1.0502709401292745e-10
6,split,135,1.4753000182786033e-06,1.4751751991087254e-06,4.3956141508076867e-08,1.4751371919849557e-06,9.3043031311389538e-11
6,split,136,1.1876903289851092e-06,1.1888619789007078e-06,4.4148772827386469e-08,1.1888446322922391e-06,7.9378885691680826e-11
6,split,137,1.0705984207860969e-06,1.0716851143402168e-06,4.4249383055577724e-08,1.0716402848669415e-06,6.5959106511735763e-11
6,split,138,9.7323352734383801e-07,9.7409979859812514e-07,4.4446145296451211e-08,9.7405720830160653e-07,5.6511255304944813e-11
6,split,139,7.7153536338298108e-07,7.7292323987735182e-07,4.4525772828779928e-08,7.7291289032150343e-07,4.715275031860456e-11
6,split,140,6.3900083251951389e-07,6.4072848155328503e-07,4.4585184982988145e-08,6.4072837873409316e-07,4.0500991233558058e-11
6,split,141,5.4777212409186132e-07,5.4937493195480889e-07,4.4730361769596894e-08,5.4936771783064072e-07,3.4573976250330184e-11
6,split,142,4.9091858435579016e-07,4.9284613582993022e-07,4.4823773090611854e-08,4.9282774666960361e-07,2.9865225088622191e-11
6,split,143,4.0548461519893825e-07,4.079198944347097e-07,4.4920865324278996e-08,4.0798541337158104e-07,2.5452271967036891e-11
6,split,144,3.3552471026538814e-07,3.3912379311021601e-07,4.5190739030472166e-08,3.3906795573699132e-07,2.2437973352944615e-11
6,split,145,3.2067014141211266e-07,3.2334019291006039e-07,4.5301331096036966e-08,3.233496203392036e-07,1.937706264781827e-11
6,split,146,2.6914847851098335e-07,2.7251608894915447e-07,4.5506993554835121e-08,2.7250589076458685e-07,1.6005911050717826e-11
6,split,147,2.4310998128261005e-07,2.4829760659417214e-07,4.5559951879679662e-08,2.4821859067218169e-07,1.3709259748232331e-11
6,split,148,1.9151252096040321e-07,1.9636849881665695e-07,4.5665346108019733e-08,1.9639126890306838e-07,1.1502488830041815e-11
6,split,149,1.6860314018567518e-07,1.7475811584719616e-07,4.590165122855776e-08,1.7476145991891643e-07,9.6385367711629349e-12
6,split,150,1.3344279180444312e-07,1.4120544691000831e-07,4.6128449090069945e-08,1.4118856708766947e-07,8.1829548171100911e-12
6,split,151,1.2532355519455057e-07,1.3319010074866366e-07,4.6267527859203778e-08,1.3309366434850272e-07,7.3403932198606467e-12
6,split,152,1.0163558526793598e-07,1.1211200730973021e-07,4.6398257069890371e-08,1.1193837612440902e-07,6.0337253169268627e-12
6,split,153,8.8108894810491851e-08,9.9736462891070795e-08,4.6310699018128686e-08,9.96826399007219e-08,5.072923937062293e-12
6,split,154,6.9908036033046691e-08,8.3457146337467896e-08,4.6608306667921558e-08,8.3322601239871028e-08,4.2774624370284873e-12
6,split,155,6.1214799877492736e-08,7.7527688840313578e-08,4.6771245151803469e-08,7.7428453870715855e-08,3.8010106164943774e-12
6,split,156,4.7424332625237511e-08,6.6572234311099979e-08,4.6830161083531674e-08,6.6514217151449705e-08,3.2251321329161423e-12
6,split,157,4.3744505585662551e-08,6.381140070190752e-08,4.7120786448198709e-08,6.3618235464570215e-08,2.7564326827455021e-12
6,split,158,4.1217887742518034e-08,6.339284354699207e-08,4.7387804657373586e-08,6.3251365797342013e-08,2.3581715503722393e-12
6,split,159,3.4372540359221953e-08,5.8539288205213767e-08,4.7701148197696258e-08,5.8333908059335963e-08,2.0168026784177265e-12
6,split,160,2.7967560417594133e-08,5.5267407587107721e-08,4.7824593700455887e-08,5.5151063091575279e-08,1.7722089259558506e-12
6,split,161,2.3243571642688481e-08,5.3290475614522501e-08,4.7937821640861589e-08,5.3169700897262652e-08,1.5915976404371278e-12
6,split,162,2.043359674321781e-08,5.217502189229492e-08,4.8099215783851031e-08,5.2064023447287202e-08,1.3495347232615524e-12
6,split,163,1.7521657265014559e-08,5.1052700136506034e-08,4.7997106098389101e-08,5.1020551431472809e-08,1.1170485327738805e-12
6,split,164,1.5391882918717351e-08,5.0959588211504559e-08,4.8381895868009181e-08,5.0787967833293428e-08,9.5335251877460884e-13
6,split,165,1.2649660703057407e-08,4.9952708074243712e-08,4.8463873084687445e-08,4.9834301711290671e-08,8.0188352057796376e-13
6,split,166,1.155022711636093e-08,5.0075883987539372e-08,4.8768222936104141e-08,4.9892406769081727e-08,7.0445763959615217e-13
6,split,167,9.5416249760980288e-09,4.9858859926040867e-08,4.8922138615975029e-08,4.9672356478555216e-08,5.9747380290532281e-13
6,split,168,8.1686781668683296e-09,4.9790629367821334e-08,4.9048973624928077e-08,4.9644901409380199e-08,5.2242513453328124e-13
6,split,169,7.240290967185903e-09,4.9684303214697233e-08,4.9184747736731955e-08,4.9505736388294933e-08,4.4903734437383227e-13
6,split,170,5.9906465884430084e-09,4.9710384884851271e-08,4.9410050508444126e-08,4.9559717120459362e-08,3.7561488817338429e-13
6,split,171,5.3429031414788428e-09,4.9955508461672373e-08,4.9625298066465172e-08,4.972655610273796e-08,3.1551240086788145e-13
6,split,172,4.615295935571704e-09,4.9980558750725931e-08,4.9714143290230427e-08,4.9850549320619691e-08,2.8094439860538008e-13
6,split,173,3.6335516036174947e-09,5.0030154491664352e-08,4.993322227438942e-08,4.9836522709506664e-08,2.4241287841142004e-13
6,split,174,3.1715423239596656e-09,5.0186548316223644e-08,5.0138096475197255e-08,4.9995121332823115e-08,2.0777274968188842e-13
6,split,175,2.9029196615587444e-09,5.0309538807507475e-08,5.0196176913873142e-08,5.0197897204982014e-08,1.8125025387334161e-13
6,split,176,2.381275234621087e-09,5.0320432696372092e-08,5.023403719972393e-08,5.0144753450256623e-08,1.5687197855638282e-13
6,split,177,2.0836302921266785e-09,5.0444604049410938e-08,5.0414030552690904e-08,5.0320559725583053e-08,1.2994162214776682e-13
6,split,178,1.8205405433950124e-09,5.0461549899257006e-08,5.0453882525958172e-08,5.0311393688878816e-08,1.0873421400885042e-13
6,split,179,1.649065282830525e-09,5.0636946037204878e-08,5.0593873248996127e-08,5.0490046792143014e-08,9.2362831215364466e-14
6,split,180,1.3518617007894821e-09,5.0792976293883258e-08,5.0761749273292233e-08,5.0574255736543778e-08,7.9079411980380027e-14
6,split,181,1.1980016273921365e-09,5.08848529626537e-08,5.0881538389710367e-08,5.0719891496070863e-08,6.6587180760965925e-14
6,split,182,9.4773969029931545e-10,5.1006311598143867e-08,5.1003465767598452e-08,5.0846431378240107e-08,5.5349421380413917e-14
6,split,183,8.0615210509832895e-10,5.1034734007955778e-08,5.1020973352212412e-08,5.087207644311917e-08,4.6579624784181023e-14
6,split,184,6.3889522157821371e-10,5.1137662284915357e-08,5.1130502061514375e-08,5.0989318266304283e-08,3.9411685696648479e-14
6,split,185,5.8568017847737087e-10,5.1196223840102582e-08,5.1200279596111515e-08,5.1106249700296656e-08,3.4454517522689531e-14
6,split,186,5.0501003361712726e-10,5.142993507529168e-08,5.1422663115900522e-08,5.1271687169799831e-08,2.9253007223504865e-14
6,split,187,4.6729551766044354e-10,5.150703894198197e-08,5.1509545488091473e-08,5.1380115047281771e-08,2.5488189494579517e-14
6,split,188,3.5243077562757979e-10,5.1764543528693478e-08,5.1757119266757164e-08,5.1600262806056302e-08,2.1741540125737109e-14
6,split,189,2.8766298348115187e-10,5.186275515214524e-08,5.1866344813376377e-08,5.1731062550933848e-08,1.8604371002553978e-14
6,split,190,2.5737335786071535e-10,5.1964823695909619e-08,5.1964670162963339e-08,5.1883141467356216e-08,1.5689128305359795e-14
6,split,191,2.2594510179404662e-10,5.2178196459451028e-08,5.2174132769093744e-08,5.1988052157762479e-08,1.2962490841229939e-14
6,split,192,1.8697522894800437e-10,5.2396464059811971e-08,5.2398231378025538e-08,5.2225448223029588e-08,1.0977120504807652e-14
6,split,193,1.7450913410549671e-10,5.2381916329051612e-08,5.238117558648019e-08,5.2275580694951248e-08,9.6537463777105689e-15
6,split,194,1.4557732593735469e-10,5.2555622660697229e-08,5.2555422241877437e-08,5.2426964808298632e-08,8.1810604691395843e-15
6,split,195,1.2193133121036778e-10,5.2753228079166018e-08,5.2753700303886967e-08,5.2602227582617775e-08,6.7809742019531796e-15
6,split,196,9.5104928509020131e-11,5.2875039943428636e-08,5.2873990069315483e-08,5.2832306892491827e-08,5.6213118132762304e-15
6,split,197,8.4079248518809801e-11,5.3071373985882951e-08,5.3072130166520678e-08,5.2967524748988369e-08,4.866788733040392e-15
6,split,198,6.8375047927780733e-11,5.3201243357062579e-08,5.3201069432873276e-08,5.3119235230794415e-08,4.0810819469954703e-15
6,split,199,6.1051146275381481e-11,5.3271839621061968e-08,5.3271647042697401e-08,5.3154991252722407e-08,3.4602681074501827e-15
6,split,200,5.0928867599912653e-11,5.3532538868178574e-08,5.3533083054991818e-08,5.3331845626337306e-08,2.9096910775931956e-15
6,split,201,4.2377564983968467e-11,5.3638258743787171e-08,5.3637886443516924e-08,5.354414701850815e-08,2.4912983760002444e-15
6,split,202,3.4412206713646436e-11,5.3839270726756343e-08,5.3839244648508775e-08,5.3645619953429984e-08,2.196671795784799e-15
6,split,203,3.1733306523442275e-11,5.4002702653414095e-08,5.4002909954051442e-08,5.3809285244208688e-08,1.8871333898904834e-15
6,split,204,2.731482846451926e-11,5.3929369990985927e-08,5.3929111975526447e-08,5.3913357873682118e-08,1.5427859839661413e-15
6,split,205,2.4063243063706401e-11,5.4273929420651643e-08,5.4273970253110482e-08,5.416717231165093e-08,1.3329665008840487e-15
6,split,206,1.9425308372518699e-11,5.4415864866718329e-08,5.441621816279725e-08,5.4260827263414746e-08,1.0958045928889328e-15
6,split,207,1.5296367769474811e-11,5.456553564173969e-08,5.4565303053507012e-08,5.440218009035058e-08,9.2243169474168905e-16
6,split,208,1.3624007454730166e-11,5.4830547425372966e-08,5.4830473236463108e-08,5.4682626554328894e-08,8.0488637556973823e-16
6,split,209,1.0844079784089358e-11,5.5012739758373099e-08,5.5012811410311052e-08,5.4805162660473966e-08,6.6693070110546791e-16
6,split,210,9.4578695683242786e-12,5.5064588229627202e-08,5.5064652187743091e-08,5.4908230850718273e-08,5.924411679632282e-16
6,split,211,7.6367150333542755e-12,5.5064992461669909e-08,5.5064956335906145e-08,5.4945481192161598e-08,5.2385465092850583e-16
6,split,212,6.9056845068241652e-12,5.5264781647370677e-08,5.5264741535490761e-08,5.5128087225266487e-08,4.4114654888103316e-16
6,split,213,5.8174742260709443e-12,5.5504256020288465e-08,5.5504175237916134e-08,5.534298387530467e-08,3.6021570064832957e-16
6,split,214,5.2268312742104632e-12,5.5531448446266164e-08,5.5531600381575639e-08,5.5427650306180308e-08,3.0801338815048019e-16
6,split,215,4.6422310865766244e-12,5.579691756753334e-08,5.5796900865146794e-08,5.5625920533836671e-08,2.5710238856422788e-16
6,split,216,3.9799945236747182e-12,5.6147834957799354e-08,5.6147753789395371e-08,5.5910218490099245e-08,2.1998283517010776e-16
6,split,217,3.4469527601521027e-12,5.6259323931457689e-08,5.6259355985218112e-08,5.6017910773916445e-08,1.8744200676381743e-16
6,split,218,2.7762768697251522e-12,5.6426710587922147e-08,5.6426723681403318e-08,5.6225082090947822e-08,1.5643729642322412e-16
6,split,219,2.249656377578884e-12,5.6520418848208914e-08,5.6520422434781795e-08,5.6330859885841451e-08,1.3324615565872567e-16
6,split,220,1.8842566581366768e-12,5.6600899483018966e-08,5.6600913622843106e-08,5.6401506950078058e-08,1.1747590936390875e-16
6,split,221,1.6272204808307193e-12,5.6664731259821469e-08,5.6664691311040956e-08,5.6463302505182068e-08,1.0133262029542413e-16
6,split,222,1.3355131511225724e-12,5.671353293831656e-08,5.6713540306786307e-08,5.6510153770664927e-08,8.5533098671116427e-17
6,split,223,1.1659646336626444e-12,5.6748533470255296e-08,5.6748553825485495e-08,5.6540317465922332e-08,7.5928492264916513e-17
6,split,224,1.0394716889635909e-12,5.6761311061473712e-08,5.6761308554026754e-08,5.655524310681061e-08,6.4329227327696772e-17
6,split,225,9.014160928490047e-13,5.6787016273459534e-08,5.6787011332416053e-08,5.6576639054899903e-08,5.2399977538892207e-17
6,split,226,7.5007144919133672e-13,5.6783546627320312e-08,5.6783545403393907e-08,5.6578463352477565e-08,4.3289739141874698e-17
6,split,227,6.5178246448353658e-13,5.6795848915689546e-08,5.6795849464204187e-08,5.65924133306933e-08,3.7466604878059979e-17
6,split,228,5.1300115370640729e-13,5.6804582933698954e-08,5.6804584949374298e-08,5.6600470043288772e-08,3.1825367119445315e-17
6,split,229,4.5013332042257603e-13,5.6810879173608862e-08,5.6810880440512262e-08,5.6606068666251763e-08,2.7354514964601097e-17
6,split,230,3.8108778808036199e-13,5.681097426501905e-08,5.6810972269646893e-08,5.6609018431172606e-08,2.2867405240829809e-17
6,split,231,3.1739515729100258e-13,5.681585086137429e-08,5.681585121158965e-08,5.6610826688330274e-08,1.9936885217454464e-17
6,split,232,2.7643415017877586e-13,5.681940801503752e-08,5.6819407752837479e-08,5.661181013679638e-08,1.7223815725056926e-17
6,split,233,2.5083781847727533e-13,5.6822674332255801e-08,5.6822673936202511e-08,5.6612682396274819e-08,1.424388696448286e-17
6,split,234,2.1227172912697636e-13,5.6821102912980473e-08,5.6821105967669577e-08,5.6613647226212255e-08,1.1790380541311465e-17
6,split,235,1.7709132131474469e-13,5.6823792399764928e-08,5.6823789492791112e-08,5.6614324621720976e-08,9.9768703803903097e-18
6,split,236,1.5035430533357387e-13,5.6824354953111694e-08,5.6824354393310213e-08,5.6614424139308051e-08,8.4960607269611933e-18
6,split,237,1.2640347593573366e-13,5.6823404951901855e-08,5.6823407632859435e-08,5.6615009228725207e-08,7.1099399833574646e-18
6,split,238,1.1223334793214587e-13,5.6822666257864316e-08,5.6822664315364651e-08,5.6615474689818338e-08,6.2009455038346428e-18
6,split,239,8.980744030911847e-14,5.682267683565592e-08,5.682267706159145e-08,5.661577705231433e-08,5.2226122529757428e-18
6,split,240,7.6966275308455703e-14,5.6824262819949926e-08,5.6824263821983775e-08,5.661587149763104e-08,4.5324163384455917e-18
6,split,241,6.4766642673019278e-14,5.68251881623552e-08,5.6825187119175502e-08,5.6616212453218224e-08,3.8852824271091196e-18
6,split,242,5.744061497511577e-14,5.6825958151360323e-08,5.6825958353608901e-08,5.6616431180165593e-08,3.3120719246408038e-18
6,split,243,4.7786695359679179e-14,5.6826873896956546e-08,5.6826874233441496e-08,5.6616603135125471e-08,2.8634155497931529e-18
6,split,244,3.9942245458687898e-14,5.6826587752750968e-08,5.6826587617823298e-08,5.6616756196587677e-08,2.5524152941174682e-18
6,split,245,3.5782342233953793e-14,5.6826136478567678e-08,5.6826136362692936e-08,5.6616818259075037e-08,2.2035872151451296e-18
6,split,246,3.1050187951181149e-14,5.6827520769999308e-08,5.6827521080063547e-08,5.6616896668815756e-08,1.785005395936348e-18
6,split,247,2.6529303920133886e-14,5.6827575139290324e-08,5.6827574649334969e-08,5.6616994876409553e-08,1.5175040970416208e-18
6,split,248,2.3262865799661107e-14,5.6827048345234409e-08,5.6827048554610987e-08,5.6617030025224164e-08,1.2835669793901013e-18
6,split,249,1.8621057100725909e-14,5.682708829482626e-08,5.6827088534424491e-08,5.6617017072343025e-08,1.0846094770263863e-18
6,split,250,1.6011150311014354e-14,5.6826948667171973e-08,5.6826948472472642e-08,5.6617012469506274e-08,9.5355306620473345e-19
6,split,251,1.2561020467653008e-14,5.6827236574615848e-08,5.6827236486680401e-08,5.6616988282439642e-08,8.2004133775349546e-19
6,split,252,1.1812088209188912e-14,5.6827120001133358e-08,5.6827120052696542e-08,5.6616978129680118e-08,7.0253747900490362e-19
6,split,253,9.8483052049831454e-15,5.6827209758615665e-08,5.6827209759463915e-08,5.661697008319064e-08,5.8784080786953736e-19
6,split,254,8.4805626988299775e-15,5.6827198251215553e-08,5.6827198328934604e-08,5.6616978021136115e-08,5.0169272302023623e-19
6,split,255,7.0091661955045374e-15,5.68271310262692e-08,5.6827130967884907e-08,5.661698650809385e-08,4.2896145984840464e-19
6,split,256,6.1451634116522613e-15,5.6827295406785344e-08,5.68272954080299e-08,5.6616991856563369e-08,3.5893021353382275e-19
6,split,257,5.4384856174862882e-15,5.6827296808734768e-08,5.6827296816398934e-08,5.6616996104158016e-08,2.9642830049277446e-19
6,split,258,4.4455195539746904e-15,5.6827296977150693e-08,5.6827296932977865e-08,5.6616999450028287e-08,2.5130605974601035e-19
6,split,259,3.6085459191076979e-15,5.6827297260693384e-08,5.6827297324626577e-08,5.6617001489350197e-08,2.2282911130392149e-19
6,split,260,2.8140891931657032e-15,5.6827297421884316e-08,5.6827297413285409e-08,5.6617002635854733e-08,2.0117621038389251e-19
6,split,261,2.7311327872177643e-15,5.6827297097655721e-08,5.6827297084625515e-08,5.6617002392026479e-08,1.6460394207589392e-19
6,split,262,2.3343246622445775e-15,5.6827297228066257e-08,5.6827297216044047e-08,5.6617003034157167e-08,1.3502886138983265e-19
6,split,263,2.1193452726300146e-15,5.6827297319833522e-08,5.6827297341088827e-08,5.6617003645283273e-08,1.159987290747564e-19
6,split,264,1.6953586787029881e-15,5.682729741253558e-08,5.6827297400235265e-08,5.6617004108447195e-08,9.8802980996472525e-20
6,split,265,1.4103569739539591e-15,5.6827297406232967e-08,5.6827297397705013e-08,5.6617004811280234e-08,8.8573295808489912e-20
6,split,266,1.1885185315264347e-15,5.6827297481530424e-08,5.682729749553933e-08,5.6617004591617962e-08,7.7612714010333691e-20
6,split,267,1.0518098017119787e-15,5.6827297119980763e-08,5.6827297122916937e-08,5.661700315719448e-08,6.345126051122402e-20
6,split,268,9.2948631337324212e-16,5.6827296251363802e-08,5.6827296244340463e-08,5.6617002428987695e-08,5.2960892181407078e-20
6,split,269,7.7644054470690667e-16,5.6827296243875759e-08,5.682729624270248e-08,5.6617002360273279e-08,4.4464608184427129e-20
6,split,270,6.4244756750923141e-16,5.6827296236541215e-08,5.6827296235042139e-08,5.6617002340565542e-08,3.8472851355519403e-20
6,split,271,5.3759515732408804e-16,5.6827296236540659e-08,5.6827296241082694e-08,5.6617002188888007e-08,3.3066686071984454e-20
6,split,272,4.7166415492893724e-16,5.6827296236848026e-08,5.6827296241720444e-08,5.6617002193217219e-08,2.8366491792351372e-20
6,split,273,4.1135085278588631e-16,5.6827296237001762e-08,5.6827296227031761e-08,5.6617002033211994e-08,2.3947938146865508e-20
6,split,274,3.2896573241493454e-16,5.6827296238541371e-08,5.6827296240802102e-08,5.6617002034786304e-08,1.9987832857614935e-20
6,split,275,2.904855625412821e-16,5.6827308363719808e-08,5.6827308367711583e-08,5.6617002017414406e-08,1.8080448191187509e-20
6,split,276,2.3824243333091667e-16,5.6827308359003383e-08,5.6827308359190517e-08,5.6617002045796806e-08,1.5307912842607387e-20
6,split,277,2.0838687387169702e-16,5.6827308357925983e-08,5.6827308354010434e-08,5.6617001976895731e-08,1.3099320131293729e-20
6,split,278,1.837562896337061e-16,5.6827308357002558e-08,5.6827308358675819e-08,5.6617002018965264e-08,1.1211779951218668e-20
6,split,279,1.4731258210326265e-16,5.6827308356232758e-08,5.6827308356598994e-08,5.6617002018178238e-08,9.5365746829643783e-21
6,split,280,1.3023722539565277e-16,5.6827308355924855e-08,5.6827308355468655e-08,5.6617002017784625e-08,8.2899179060045902e-21
6,split,281,1.1166098322953375e-16,5.6827308355462977e-08,5.682730835676443e-08,5.6617002017391093e-08,6.921414342054132e-21
6,split,282,9.6697526306519e-17,5.682730835515506e-08,5.682730835369144e-08,5.6617002016997487e-08,5.8850012516068345e-21
6,split,283,8.2789615196732042e-17,5.6827308355001106e-08,5.682730835494763e-08,5.6617002016800757e-08,4.9368437872576269e-21
6,split,284,7.1043559498127239e-17,5.6827308355309022e-08,5.6827308356540859e-08,5.6617002017194276e-08,4.148746651176325e-21
6,split,285,6.0702095705876655e-17,5.6827308355462977e-08,5.6827308354317444e-08,5.6617002017391093e-08,3.4999194250983329e-21
6,split,286,4.9033172886134564e-17,5.6827308355770893e-08,5.6827308356024176e-08,5.6617002017587895e-08,2.8821266482049534e-21
6,split,287,4.5903732923794121e-17,5.6827308356078816e-08,5.6827308356523495e-08,5.6617002017981422e-08,2.4915040191267334e-21
6,split,288,3.6658675403154495e-17,5.6827308356386726e-08,5.6827308356110983e-08,5.661700201837504e-08,2.0477339431127638e-21
6,split,289,3.3178443148782043e-17,5.6827308356386726e-08,5.6827308356194257e-08,5.661700201837504e-08,1.7896791092723998e-21
6,split,290,2.7025440533825829e-17,5.6827308356386726e-08,5.6827308356831001e-08,5.661700201837504e-08,1.5159459181139777e-21
6,split,291,2.1876290285002093e-17,5.6827308356386726e-08,5.6827308356039264e-08,5.661700201837504e-08,1.284548871165889e-21
6,split,292,1.810876881562373e-17,5.6827308356386726e-08,5.6827308356387374e-08,5.661700201837504e-08,1.1055998725890156e-21
6,split,293,1.5903295865332155e-17,5.6827308356386726e-08,5.6827308356572636e-08,5.661700201837504e-08,9.4853998404948123e-22
6,split,294,1.4151219564795523e-17,5.6827308356232758e-08,5.6827308356183173e-08,5.6617002018178238e-08,7.9268699691239408e-22
6,split,295,1.1634781573975708e-17,5.6827308356232758e-08,5.682730835613656e-08,5.6617002018178238e-08,6.7337315862912176e-22
6,split,296,9.9477676064590502e-18,5.6827308356232758e-08,5.6827308356349523e-08,5.6617002018178238e-08,5.8788305249346455e-22
6,split,297,7.830041584662176e-18,5.6827308356232758e-08,5.6827308356122332e-08,5.6617002018178238e-08,5.1166247620575665e-22
6,split,298,7.155453133347801e-18,5.6827308356232758e-08,5.6827308356253993e-08,5.6617002018178238e-08,4.3626543900161637e-22
6,split,299,6.2365983386590203e-18,5.6827308356232758e-08,5.682730835628669e-08,5.6617002018178238e-08,3.6073909031006098e-22
6,split,300,5.4504028824304895e-18,5.6827308356232758e-08,5.6827308356235339e-08,5.6617002018178238e-08,3.0169917761726542e-22
