refinement,smoother,true_1e6,preconditioned_1e6,preconditioned_1e8,peak_euclidean
0,macro,1,1,1,1.0
1,macro,10,10,12,1.0
2,macro,16,15,18,1.0
3,macro,21,18,24,1.0
4,macro,24,20,27,1.0
5,macro,27,21,28,1.0
6,macro,29,21,29,1.0
7,macro,31,22,29,1.2698767392234254
0,split,1,1,1,1.0
1,split,34,31,36,4.564708546346924
2,split,67,51,68,12.49968715762746
3,split,89,62,83,29.55403374405261
4,split,110,70,95,101.08251441308612
5,split,124,74,101,339.49642003600457
6,split,138,77,106,1207.378674590585
7,split,153,80,110,4443.886177428616
